timestamp,animal_id,species,forest_region,latitude,longitude,location_status,heart_rate,temperature (℃),motion_detected,motion_type,behavior_duration_hours
1/1/2018 6:35,A001,Elephant,Yellowstone,-1.945311,30.044478,Distorted,89,36,Yes,Grazing,0
1/1/2018 7:43,A001,Elephant,Yellowstone,-1.938296,30.044638,Distorted,84,36.9,Yes,Grazing,1.133333333
1/1/2018 8:47,A001,Elephant,Amazon,-1.959084,30.042538,OK,86,37.8,No,Stationary,0
1/1/2018 18:12,A001,Elephant,Daintree,-1.947101,30.02858,OK,104,38.7,No,Stationary,9.416666667
3/1/2018 0:57,A001,Elephant,Congo Basin,-1.948186,30.050481,Distorted,49,39.6,No,Stationary,40.16666667
3/1/2018 1:12,A001,Elephant,Congo Basin,-1.950851,30.047739,OK,86,40.5,Yes,Running,0
3/1/2018 4:50,A001,Elephant,Daintree,-1.945703,30.049142,OK,87,41.4,Yes,Running,3.633333333
3/1/2018 9:26,A001,Elephant,Sundarbans,-1.94338,30.057511,Distorted,116,42.3,No,Stationary,0
3/1/2018 11:27,A001,Elephant,Congo Basin,-1.94124,30.052223,OK,119,43.2,No,Stationary,2.016666667
3/1/2018 12:38,A001,Elephant,Amazon,-1.94911,30.052662,Distorted,43,44.1,No,Stationary,3.2
3/1/2018 13:23,A001,Elephant,Yellowstone,-1.94572,30.051856,OK,65,45,No,Stationary,3.95
3/1/2018 16:35,A001,Elephant,Nyungwe,-1.958692,30.063705,Distorted,60,45.9,Yes,Running,0
3/1/2018 23:22,A001,Elephant,Sundarbans,-1.965868,30.033612,OK,54,46.8,No,Stationary,0
4/1/2018 6:16,A001,Elephant,Yellowstone,-1.960305,30.032973,OK,74,47.7,Yes,Grazing,0
4/1/2018 9:30,A001,Elephant,Yellowstone,-1.963737,30.031539,Distorted,118,48.6,Yes,Running,0
4/1/2018 10:15,A001,Elephant,Nyungwe,-1.963345,30.043692,OK,83,49.5,No,Stationary,0
4/1/2018 10:30,A001,Elephant,Daintree,-1.94262,30.047447,OK,53,50.4,Yes,Grazing,0
4/1/2018 11:15,A001,Elephant,Daintree,-1.956195,30.050623,OK,42,51.3,No,Stationary,0
4/1/2018 14:10,A001,Elephant,Yellowstone,-1.953951,30.061908,Distorted,100,52.2,Yes,Running,0
5/1/2018 1:57,A001,Elephant,Nyungwe,-1.946991,30.057699,OK,97,53.1,No,Stationary,0
5/1/2018 8:33,A001,Elephant,Amazon,-1.942691,30.046862,Distorted,96,54,Yes,Grazing,0
5/1/2018 10:01,A001,Elephant,Daintree,-1.966792,30.050716,Distorted,78,54.9,No,Stationary,0
5/1/2018 10:46,A001,Elephant,Congo Basin,-1.965958,30.052441,OK,85,55.8,No,Stationary,0.75
6/1/2018 3:56,A001,Elephant,Yellowstone,-1.937112,30.057897,OK,65,56.7,Yes,Running,0
6/1/2018 10:47,A001,Elephant,Yellowstone,-1.96177,30.060244,OK,87,57.6,No,Stationary,0
6/1/2018 11:02,A001,Elephant,Daintree,-1.975407,30.053389,OK,98,58.5,No,Stationary,0.25
6/1/2018 11:47,A001,Elephant,Amazon,-1.949321,30.049034,OK,56,59.4,Yes,Walking,0
6/1/2018 12:06,A001,Elephant,Yellowstone,-1.950602,30.044348,Distorted,101,60.3,Yes,Running,0
6/1/2018 14:13,A001,Elephant,Nyungwe,-1.935686,30.054069,OK,43,61.2,No,Stationary,0
6/1/2018 16:21,A001,Elephant,Yellowstone,-1.947007,30.06321,Distorted,92,62.1,No,Stationary,2.133333333
7/1/2018 13:15,A001,Elephant,Daintree,-1.953932,30.055883,OK,114,63,Yes,Running,0
8/1/2018 6:10,A001,Elephant,Sundarbans,-1.942394,30.060827,OK,90,63.9,No,Stationary,0
8/1/2018 8:15,A001,Elephant,Yellowstone,-1.959742,30.063372,Distorted,71,64.8,No,Stationary,2.083333333
8/1/2018 12:45,A001,Elephant,Sundarbans,-1.955462,30.027854,OK,68,65.7,No,Stationary,6.583333333
8/1/2018 17:39,A001,Elephant,Yellowstone,-1.964139,30.047732,OK,95,66.6,No,Stationary,11.48333333
9/1/2018 4:56,A001,Elephant,Yellowstone,-1.967769,30.04077,Distorted,96,67.5,No,Stationary,22.76666667
9/1/2018 14:44,A001,Elephant,Nyungwe,-1.945528,30.064056,OK,71,68.4,Yes,Running,0
9/1/2018 15:38,A001,Elephant,Congo Basin,-1.950718,30.033119,Distorted,58,69.3,Yes,Grazing,0
9/1/2018 20:10,A001,Elephant,Amazon,-1.956721,30.059362,OK,114,70.2,No,Stationary,0
10/1/2018 0:25,A001,Elephant,Sundarbans,-1.958097,30.03983,OK,41,71.1,Yes,Walking,0
10/1/2018 0:55,A001,Elephant,Yellowstone,-1.951399,30.05796,OK,57,72,No,Stationary,0
10/1/2018 2:05,A001,Elephant,Amazon,-1.948916,30.05412,OK,103,72.9,No,Stationary,1.166666667
10/1/2018 13:59,A001,Elephant,Daintree,-1.959588,30.048384,OK,74,73.8,Yes,Walking,0
10/1/2018 15:23,A001,Elephant,Sundarbans,-1.954773,30.052847,Distorted,83,74.7,No,Stationary,0
10/1/2018 16:55,A001,Elephant,Congo Basin,-1.948028,30.044929,Distorted,111,75.6,Yes,Walking,0
10/1/2018 22:31,A001,Elephant,Congo Basin,-1.947691,30.051377,Distorted,53,76.5,No,Stationary,0
11/1/2018 3:07,A001,Elephant,Amazon,-1.938875,30.049255,OK,87,77.4,No,Stationary,4.6
11/1/2018 5:28,A001,Elephant,Amazon,-1.947687,30.067155,Distorted,41,78.3,No,Stationary,6.95
11/1/2018 9:23,A001,Elephant,Daintree,-1.96131,30.051896,OK,50,79.2,No,Stationary,10.86666667
1/1/2018 10:52,A002,Tiger,Sundarbans,-1.956968,30.048794,Distorted,98,80.1,No,Stationary,0
1/1/2018 13:10,A002,Tiger,Daintree,-1.939132,30.042931,Distorted,106,81,No,Stationary,2.3
1/1/2018 14:10,A002,Tiger,Nyungwe,-1.965746,30.047478,OK,88,81.9,No,Stationary,3.3
1/1/2018 16:42,A002,Tiger,Sundarbans,-1.953631,30.054576,OK,88,82.8,Yes,Walking,0
1/1/2018 18:27,A002,Tiger,Yellowstone,-1.949451,30.043688,OK,57,83.7,No,Stationary,0
2/1/2018 0:45,A002,Tiger,Congo Basin,-1.951669,30.04551,Distorted,48,84.6,No,Stationary,6.3
2/1/2018 10:39,A002,Tiger,Amazon,-1.939778,30.030341,Distorted,100,85.5,Yes,Walking,0
2/1/2018 14:09,A002,Tiger,Congo Basin,-1.939324,30.043935,OK,115,86.4,Yes,Walking,3.5
2/1/2018 14:24,A002,Tiger,Nyungwe,-1.9527,30.042949,OK,51,87.3,No,Stationary,0
2/1/2018 19:26,A002,Tiger,Sundarbans,-1.956865,30.057243,OK,48,88.2,Yes,Walking,0
2/1/2018 21:30,A002,Tiger,Daintree,-1.950074,30.058771,OK,80,89.1,Yes,Walking,2.066666667
2/1/2018 23:20,A002,Tiger,Amazon,-1.954464,30.051729,Distorted,94,90,No,Stationary,0
3/1/2018 0:49,A002,Tiger,Nyungwe,-1.961835,30.035737,OK,94,90.9,Yes,Walking,0
3/1/2018 10:27,A002,Tiger,Congo Basin,-1.946577,30.066493,OK,101,91.8,Yes,Walking,9.633333333
3/1/2018 12:12,A002,Tiger,Nyungwe,-1.953362,30.063079,OK,110,92.7,No,Stationary,0
3/1/2018 17:05,A002,Tiger,Congo Basin,-1.952842,30.051286,OK,94,93.6,No,Stationary,4.883333333
3/1/2018 21:33,A002,Tiger,Daintree,-1.96098,30.035893,OK,54,94.5,Yes,Walking,0
4/1/2018 7:01,A002,Tiger,Yellowstone,-1.954635,30.049187,OK,111,95.4,Yes,Walking,9.466666667
4/1/2018 12:15,A002,Tiger,Nyungwe,-1.947512,30.050468,OK,90,96.3,Yes,Running,0
4/1/2018 15:40,A002,Tiger,Daintree,-1.949483,30.068015,OK,63,97.2,No,Stationary,0
5/1/2018 13:14,A002,Tiger,Nyungwe,-1.93378,30.055906,Distorted,74,98.1,No,Stationary,21.56666667
5/1/2018 18:44,A002,Tiger,Congo Basin,-1.949945,30.064097,OK,78,99,No,Stationary,27.06666667
6/1/2018 1:11,A002,Tiger,Congo Basin,-1.936705,30.033775,OK,68,99.9,Yes,Running,0
6/1/2018 12:51,A002,Tiger,Amazon,-1.939966,30.058563,OK,86,100.8,Yes,Running,11.66666667
7/1/2018 0:20,A002,Tiger,Congo Basin,-1.937599,30.038102,OK,48,101.7,No,Stationary,0
7/1/2018 1:35,A002,Tiger,Amazon,-1.942741,30.041613,OK,113,102.6,Yes,Running,0
7/1/2018 6:41,A002,Tiger,Nyungwe,-1.927642,30.046282,OK,94,103.5,No,Stationary,0
7/1/2018 9:30,A002,Tiger,Sundarbans,-1.958429,30.055958,OK,110,104.4,Yes,Running,0
7/1/2018 12:45,A002,Tiger,Sundarbans,-1.936265,30.066037,Distorted,77,105.3,No,Stationary,0
7/1/2018 13:30,A002,Tiger,Yellowstone,-1.955413,30.068302,OK,113,106.2,No,Stationary,0.75
7/1/2018 14:45,A002,Tiger,Sundarbans,-1.952218,30.048127,OK,107,107.1,No,Stationary,2
7/1/2018 18:21,A002,Tiger,Daintree,-1.935665,30.047117,OK,95,108,No,Stationary,5.6
8/1/2018 3:25,A002,Tiger,Yellowstone,-1.949688,30.06811,OK,71,108.9,Yes,Running,0
8/1/2018 7:52,A002,Tiger,Congo Basin,-1.954646,30.047121,Distorted,40,109.8,No,Stationary,0
8/1/2018 9:29,A002,Tiger,Congo Basin,-1.949092,30.063915,Distorted,72,110.7,No,Stationary,1.616666667
8/1/2018 12:30,A002,Tiger,Daintree,-1.937873,30.044707,OK,106,111.6,No,Stationary,4.633333333
8/1/2018 15:45,A002,Tiger,Yellowstone,-1.941667,30.051206,OK,98,112.5,No,Stationary,7.883333333
9/1/2018 6:11,A002,Tiger,Congo Basin,-1.962864,30.060473,OK,67,113.4,No,Stationary,22.31666667
9/1/2018 11:20,A002,Tiger,Amazon,-1.937691,30.047019,OK,67,114.3,Yes,Running,0
9/1/2018 14:29,A002,Tiger,Sundarbans,-1.951339,30.052674,Distorted,83,115.2,No,Stationary,0
10/1/2018 2:20,A002,Tiger,Amazon,-1.946379,30.052219,OK,59,116.1,No,Stationary,11.85
10/1/2018 14:29,A002,Tiger,Amazon,-1.939582,30.059193,OK,113,117,Yes,Running,0
10/1/2018 16:08,A002,Tiger,Sundarbans,-1.943817,30.046839,OK,114,117.9,No,Stationary,0
11/1/2018 3:23,A002,Tiger,Congo Basin,-1.952447,30.041691,Distorted,68,118.8,Yes,Running,0
11/1/2018 4:07,A002,Tiger,Amazon,-1.954404,30.046564,Distorted,119,119.7,Yes,Running,0.733333333
11/1/2018 5:07,A002,Tiger,Sundarbans,-1.931754,30.039013,OK,104,120.6,No,Stationary,0
1/1/2018 8:17,A003,Deer,Nyungwe,-1.953818,30.054046,OK,46,121.5,No,Stationary,0
1/1/2018 10:32,A003,Deer,Sundarbans,-1.950492,30.048315,OK,49,122.4,No,Stationary,2.25
1/1/2018 14:40,A003,Deer,Daintree,-1.957863,30.060851,OK,52,123.3,No,Stationary,6.383333333
1/1/2018 17:27,A003,Deer,Congo Basin,-1.972601,30.053547,OK,94,124.2,No,Stationary,9.166666667
1/1/2018 23:03,A003,Deer,Nyungwe,-1.94568,30.058856,OK,77,125.1,Yes,Walking,0
2/1/2018 5:30,A003,Deer,Congo Basin,-1.955374,30.052093,OK,73,126,No,Stationary,0
2/1/2018 7:32,A003,Deer,Amazon,-1.964462,30.06262,OK,53,126.9,No,Stationary,2.033333333
2/1/2018 13:24,A003,Deer,Nyungwe,-1.953301,30.066965,OK,116,127.8,Yes,Walking,0
2/1/2018 16:22,A003,Deer,Nyungwe,-1.955815,30.046924,OK,103,128.7,Yes,Walking,2.966666667
2/1/2018 18:37,A003,Deer,Nyungwe,-1.941519,30.067414,OK,99,129.6,No,Stationary,0
3/1/2018 5:50,A003,Deer,Amazon,-1.947352,30.057293,OK,115,130.5,No,Stationary,11.21666667
3/1/2018 22:37,A003,Deer,Amazon,-1.957767,30.04472,OK,104,131.4,Yes,Running,0
4/1/2018 4:46,A003,Deer,Yellowstone,-1.975241,30.056107,OK,119,132.3,No,Stationary,0
4/1/2018 8:16,A003,Deer,Daintree,-1.957255,30.062716,OK,93,133.2,No,Stationary,3.5
4/1/2018 9:16,A003,Deer,Amazon,-1.931741,30.066067,OK,117,134.1,Yes,Running,0
4/1/2018 10:00,A003,Deer,Sundarbans,-1.957402,30.041989,OK,86,135,Yes,Walking,0
4/1/2018 10:45,A003,Deer,Congo Basin,-1.957164,30.044035,OK,42,135.9,No,Stationary,0
4/1/2018 12:49,A003,Deer,Amazon,-1.94544,30.038087,Distorted,76,136.8,No,Stationary,2.066666667
4/1/2018 13:19,A003,Deer,Sundarbans,-1.954731,30.034024,OK,68,137.7,Yes,Walking,0
5/1/2018 5:57,A003,Deer,Amazon,-1.948149,30.052142,OK,45,138.6,No,Stationary,0
5/1/2018 8:48,A003,Deer,Yellowstone,-1.945421,30.036036,OK,79,139.5,No,Stationary,2.85
5/1/2018 14:14,A003,Deer,Amazon,-1.947376,30.068173,OK,73,140.4,Yes,Running,0
6/1/2018 1:41,A003,Deer,Sundarbans,-1.939686,30.047001,OK,85,141.3,No,Stationary,0
6/1/2018 5:56,A003,Deer,Congo Basin,-1.934824,30.053322,OK,93,142.2,No,Stationary,4.25
6/1/2018 7:56,A003,Deer,Congo Basin,-1.941429,30.051163,OK,109,143.1,No,Stationary,6.25
6/1/2018 15:58,A003,Deer,Nyungwe,-1.94228,30.043065,OK,103,144,Yes,Grazing,0
7/1/2018 3:26,A003,Deer,Congo Basin,-1.968489,30.045389,OK,119,144.9,No,Stationary,0
7/1/2018 3:41,A003,Deer,Nyungwe,-1.946704,30.047131,OK,54,145.8,Yes,Grazing,0
7/1/2018 7:43,A003,Deer,Yellowstone,-1.939082,30.051363,OK,100,146.7,Yes,Running,0
7/1/2018 14:30,A003,Deer,Amazon,-1.951217,30.045567,OK,117,147.6,Yes,Walking,0
7/1/2018 15:15,A003,Deer,Amazon,-1.953572,30.020033,OK,93,148.5,Yes,Grazing,0
7/1/2018 19:21,A003,Deer,Amazon,-1.954183,30.061989,OK,85,149.4,Yes,Grazing,4.1
8/1/2018 0:09,A003,Deer,Yellowstone,-1.974704,30.057765,OK,63,150.3,Yes,Running,0
8/1/2018 0:39,A003,Deer,Yellowstone,-1.943213,30.05835,OK,77,151.2,No,Stationary,0
8/1/2018 10:59,A003,Deer,Amazon,-1.947227,30.044139,OK,65,152.1,Yes,Walking,0
8/1/2018 13:30,A003,Deer,Congo Basin,-1.967765,30.041724,OK,109,153,Yes,Running,0
8/1/2018 15:30,A003,Deer,Sundarbans,-1.941206,30.037598,OK,107,153.9,Yes,Running,2
8/1/2018 22:18,A003,Deer,Nyungwe,-1.959757,30.040043,OK,111,154.8,No,Stationary,0
9/1/2018 1:30,A003,Deer,Daintree,-1.956356,30.061601,OK,98,155.7,Yes,Grazing,0
9/1/2018 11:35,A003,Deer,Yellowstone,-1.975658,30.042666,OK,119,156.6,Yes,Running,0
9/1/2018 13:05,A003,Deer,Nyungwe,-1.948427,30.073862,OK,50,157.5,No,Stationary,0
9/1/2018 17:38,A003,Deer,Nyungwe,-1.955773,30.051122,OK,103,158.4,Yes,Grazing,0
10/1/2018 7:29,A003,Deer,Amazon,-1.954936,30.058223,OK,68,159.3,No,Stationary,0
10/1/2018 11:14,A003,Deer,Daintree,-1.958344,30.041549,OK,98,160.2,No,Stationary,3.75
10/1/2018 11:59,A003,Deer,Amazon,-1.947362,30.042814,OK,62,161.1,Yes,Grazing,0
10/1/2018 13:29,A003,Deer,Amazon,-1.934368,30.05352,OK,116,162,No,Stationary,0
10/1/2018 16:23,A003,Deer,Congo Basin,-1.943413,30.04672,OK,102,162.9,No,Stationary,2.9
10/1/2018 17:40,A003,Deer,Congo Basin,-1.940933,30.042607,OK,63,163.8,No,Stationary,4.183333333
10/1/2018 20:38,A003,Deer,Yellowstone,-1.942487,30.050005,OK,43,164.7,No,Stationary,7.15
1/1/2018 12:18,A004,Leopard,Nyungwe,-1.947089,30.050751,OK,113,165.6,No,Stationary,0
1/1/2018 13:03,A004,Leopard,Yellowstone,-1.949958,30.056643,OK,84,166.5,Yes,Walking,0
1/1/2018 19:42,A004,Leopard,Congo Basin,-1.93966,30.06356,OK,112,167.4,No,Stationary,0
1/1/2018 20:48,A004,Leopard,Daintree,-1.946568,30.040486,Distorted,88,168.3,No,Stationary,1.1
1/1/2018 23:33,A004,Leopard,Amazon,-1.943964,30.043697,OK,46,169.2,No,Stationary,3.85
2/1/2018 3:00,A004,Leopard,Nyungwe,-1.95214,30.067065,OK,102,170.1,Yes,Running,0
2/1/2018 4:18,A004,Leopard,Daintree,-1.962365,30.062682,Distorted,76,171,Yes,Running,1.3
2/1/2018 7:02,A004,Leopard,Yellowstone,-1.938149,30.038266,OK,57,171.9,No,Stationary,0
2/1/2018 12:39,A004,Leopard,Yellowstone,-1.954705,30.041469,OK,70,172.8,No,Stationary,5.616666667
2/1/2018 15:22,A004,Leopard,Nyungwe,-1.945064,30.070521,OK,119,173.7,No,Stationary,8.333333333
2/1/2018 23:50,A004,Leopard,Daintree,-1.944889,30.052571,OK,98,174.6,No,Stationary,16.8
3/1/2018 2:57,A004,Leopard,Daintree,-1.953307,30.045013,OK,61,175.5,No,Stationary,19.91666667
3/1/2018 9:56,A004,Leopard,Congo Basin,-1.971524,30.053042,OK,50,176.4,No,Stationary,26.9
3/1/2018 10:57,A004,Leopard,Nyungwe,-1.954725,30.04013,OK,79,177.3,Yes,Walking,0
4/1/2018 5:16,A004,Leopard,Amazon,-1.975794,30.040121,OK,95,178.2,No,Stationary,0
4/1/2018 5:31,A004,Leopard,Sundarbans,-1.944411,30.06296,OK,55,179.1,No,Stationary,0.25
4/1/2018 18:27,A004,Leopard,Daintree,-1.956128,30.046323,OK,72,180,No,Stationary,13.18333333
4/1/2018 22:12,A004,Leopard,Nyungwe,-1.962747,30.042907,OK,112,180.9,Yes,Running,0
4/1/2018 22:57,A004,Leopard,Nyungwe,-1.957772,30.060764,OK,66,181.8,No,Stationary,0
4/1/2018 23:57,A004,Leopard,Amazon,-1.944424,30.052734,OK,98,182.7,Yes,Walking,0
5/1/2018 3:27,A004,Leopard,Yellowstone,-1.948559,30.040758,OK,64,183.6,Yes,Walking,3.5
5/1/2018 3:42,A004,Leopard,Nyungwe,-1.938677,30.043813,OK,41,184.5,No,Stationary,0
5/1/2018 5:27,A004,Leopard,Daintree,-1.948606,30.057446,OK,78,185.4,No,Stationary,1.75
5/1/2018 6:27,A004,Leopard,Daintree,-1.954342,30.053707,OK,61,186.3,Yes,Walking,0
5/1/2018 13:59,A004,Leopard,Amazon,-1.946703,30.058352,OK,107,187.2,No,Stationary,0
5/1/2018 21:49,A004,Leopard,Sundarbans,-1.949691,30.051128,OK,78,188.1,Yes,Walking,0
6/1/2018 3:41,A004,Leopard,Congo Basin,-1.942652,30.040399,OK,62,189,No,Stationary,0
6/1/2018 9:17,A004,Leopard,Amazon,-1.944031,30.047508,OK,85,189.9,No,Stationary,5.6
6/1/2018 14:43,A004,Leopard,Yellowstone,-1.963588,30.038328,OK,81,190.8,Yes,Walking,0
6/1/2018 19:51,A004,Leopard,Nyungwe,-1.956142,30.052353,OK,67,191.7,Yes,Running,0
7/1/2018 4:26,A004,Leopard,Yellowstone,-1.945169,30.045642,OK,89,192.6,No,Stationary,0
7/1/2018 13:45,A004,Leopard,Daintree,-1.951006,30.041683,OK,108,193.5,Yes,Walking,0
7/1/2018 17:15,A004,Leopard,Daintree,-1.944642,30.055171,OK,106,194.4,No,Stationary,0
7/1/2018 20:54,A004,Leopard,Nyungwe,-1.957175,30.026226,OK,105,195.3,Yes,Running,0
8/1/2018 10:29,A004,Leopard,Amazon,-1.960161,30.046059,OK,62,196.2,No,Stationary,0
8/1/2018 14:45,A004,Leopard,Sundarbans,-1.934081,30.060611,OK,55,197.1,Yes,Walking,0
8/1/2018 21:33,A004,Leopard,Daintree,-1.94356,30.052827,OK,61,198,Yes,Running,0
9/1/2018 20:25,A004,Leopard,Nyungwe,-1.959344,30.051488,OK,118,198.9,No,Stationary,0
9/1/2018 21:17,A004,Leopard,Sundarbans,-1.946797,30.029336,OK,65,199.8,No,Stationary,0.866666667
9/1/2018 21:32,A004,Leopard,Congo Basin,-1.956928,30.061209,OK,76,200.7,No,Stationary,1.116666667
10/1/2018 22:23,A004,Leopard,Sundarbans,-1.956505,30.070333,OK,49,201.6,Yes,Running,0
10/1/2018 22:46,A004,Leopard,Sundarbans,-1.960302,30.036474,OK,105,202.5,No,Stationary,0
10/1/2018 23:46,A004,Leopard,Nyungwe,-1.942486,30.064659,OK,106,203.4,Yes,Running,0
11/1/2018 1:01,A004,Leopard,Amazon,-1.933553,30.057229,OK,100,204.3,Yes,Running,1.25
11/1/2018 6:12,A004,Leopard,Yellowstone,-1.931275,30.046237,Distorted,48,205.2,No,Stationary,0
11/1/2018 7:29,A004,Leopard,Congo Basin,-1.950333,30.045276,OK,84,206.1,Yes,Running,0
1/1/2018 17:57,A005,Buffalo,Yellowstone,-1.946076,30.046105,OK,41,207,No,Stationary,0
1/1/2018 19:57,A005,Buffalo,Daintree,-1.955669,30.050944,OK,118,207.9,Yes,Grazing,0
2/1/2018 1:15,A005,Buffalo,Yellowstone,-1.958823,30.061572,OK,40,208.8,No,Stationary,0
2/1/2018 1:30,A005,Buffalo,Congo Basin,-1.935811,30.052893,OK,119,209.7,No,Stationary,0.25
2/1/2018 6:47,A005,Buffalo,Sundarbans,-1.944931,30.032633,OK,74,210.6,No,Stationary,5.533333333
2/1/2018 10:54,A005,Buffalo,Yellowstone,-1.933032,30.059746,OK,112,211.5,Yes,Running,0
2/1/2018 14:54,A005,Buffalo,Daintree,-1.920849,30.059456,OK,65,212.4,No,Stationary,0
2/1/2018 22:30,A005,Buffalo,Yellowstone,-1.93953,30.047334,OK,62,213.3,Yes,Walking,0
3/1/2018 2:27,A005,Buffalo,Yellowstone,-1.945884,30.068592,OK,88,214.2,No,Stationary,0
3/1/2018 3:57,A005,Buffalo,Congo Basin,-1.926994,30.038343,OK,108,215.1,No,Stationary,1.5
3/1/2018 17:50,A005,Buffalo,Nyungwe,-1.956251,30.029602,OK,68,216,Yes,Walking,0
3/1/2018 22:52,A005,Buffalo,Nyungwe,-1.950599,30.051188,OK,116,216.9,No,Stationary,0
4/1/2018 0:31,A005,Buffalo,Amazon,-1.948397,30.050062,OK,98,217.8,No,Stationary,1.65
4/1/2018 2:01,A005,Buffalo,Yellowstone,-1.990163,30.058534,OK,84,218.7,Yes,Walking,0
4/1/2018 3:16,A005,Buffalo,Amazon,-1.956877,30.06434,OK,90,219.6,No,Stationary,0
4/1/2018 21:27,A005,Buffalo,Congo Basin,-1.971712,30.060749,OK,84,220.5,Yes,Running,0
5/1/2018 3:12,A005,Buffalo,Nyungwe,-1.952387,30.035302,OK,95,221.4,Yes,Running,5.75
6/1/2018 4:11,A005,Buffalo,Amazon,-1.9478,30.045696,OK,96,222.3,No,Stationary,0
6/1/2018 6:56,A005,Buffalo,Daintree,-1.959528,30.056119,OK,107,223.2,Yes,Walking,0
6/1/2018 8:41,A005,Buffalo,Sundarbans,-1.946068,30.066106,OK,76,224.1,Yes,Grazing,0
6/1/2018 18:51,A005,Buffalo,Amazon,-1.951538,30.049938,OK,78,225,Yes,Grazing,10.16666667
6/1/2018 22:35,A005,Buffalo,Congo Basin,-1.93959,30.057912,OK,117,225.9,Yes,Walking,0
6/1/2018 23:50,A005,Buffalo,Daintree,-1.94942,30.034357,OK,46,226.8,Yes,Walking,1.25
7/1/2018 1:50,A005,Buffalo,Congo Basin,-1.955108,30.062079,OK,58,227.7,No,Stationary,0
7/1/2018 2:35,A005,Buffalo,Amazon,-1.950875,30.051105,OK,59,228.6,Yes,Running,0
7/1/2018 6:26,A005,Buffalo,Sundarbans,-1.978948,30.057299,OK,111,229.5,Yes,Walking,0
7/1/2018 7:28,A005,Buffalo,Congo Basin,-1.941533,30.046179,OK,118,230.4,Yes,Running,0
7/1/2018 10:15,A005,Buffalo,Daintree,-1.942081,30.037651,OK,76,231.3,Yes,Grazing,0
7/1/2018 16:00,A005,Buffalo,Nyungwe,-1.93982,30.058901,OK,43,232.2,Yes,Walking,0
7/1/2018 17:51,A005,Buffalo,Daintree,-1.962572,30.062182,OK,42,233.1,Yes,Grazing,0
8/1/2018 2:19,A005,Buffalo,Daintree,-1.955074,30.048129,OK,100,234,Yes,Grazing,8.466666667
8/1/2018 9:15,A005,Buffalo,Daintree,-1.959092,30.050378,OK,83,234.9,Yes,Running,0
8/1/2018 16:30,A005,Buffalo,Sundarbans,-1.963689,30.053836,OK,83,235.8,Yes,Walking,0
8/1/2018 17:54,A005,Buffalo,Amazon,-1.943871,30.056969,OK,40,236.7,Yes,Grazing,0
9/1/2018 3:59,A005,Buffalo,Sundarbans,-1.955484,30.046502,OK,47,237.6,No,Stationary,0
9/1/2018 4:29,A005,Buffalo,Nyungwe,-1.948885,30.0519,OK,40,238.5,No,Stationary,0.5
9/1/2018 7:26,A005,Buffalo,Nyungwe,-1.958379,30.062888,OK,67,239.4,Yes,Grazing,0
9/1/2018 9:20,A005,Buffalo,Daintree,-1.952748,30.061764,Distorted,47,240.3,Yes,Walking,0
9/1/2018 10:50,A005,Buffalo,Sundarbans,-1.958903,30.073065,OK,40,241.2,No,Stationary,0
9/1/2018 18:08,A005,Buffalo,Yellowstone,-1.940032,30.059396,OK,101,242.1,No,Stationary,7.3
9/1/2018 21:02,A005,Buffalo,Yellowstone,-1.943634,30.053294,OK,75,243,No,Stationary,10.2
9/1/2018 22:47,A005,Buffalo,Yellowstone,-1.936441,30.049968,OK,47,243.9,No,Stationary,11.95
9/1/2018 23:47,A005,Buffalo,Congo Basin,-1.946248,30.042838,OK,84,244.8,No,Stationary,12.95
10/1/2018 14:50,A005,Buffalo,Amazon,-1.956941,30.050048,OK,108,245.7,Yes,Running,0
10/1/2018 18:10,A005,Buffalo,Nyungwe,-1.953002,30.060018,OK,103,246.6,No,Stationary,0
10/1/2018 21:38,A005,Buffalo,Yellowstone,-1.949543,30.039321,OK,80,247.5,Yes,Running,0
11/1/2018 0:46,A005,Buffalo,Sundarbans,-1.941687,30.049611,OK,46,248.4,No,Stationary,0
11/1/2018 2:16,A005,Buffalo,Amazon,-1.948096,30.063725,OK,85,249.3,Yes,Walking,0
2/1/2018 5:00,A006,Zebra,Sundarbans,-1.944453,30.044002,OK,105,250.2,No,Stationary,0
2/1/2018 8:02,A006,Zebra,Daintree,-1.957891,30.059908,OK,109,251.1,No,Stationary,3.033333333
3/1/2018 6:05,A006,Zebra,Nyungwe,-1.949362,30.052108,OK,51,252,No,Stationary,25.08333333
3/1/2018 8:35,A006,Zebra,Yellowstone,-1.941603,30.029819,OK,97,252.9,No,Stationary,27.58333333
3/1/2018 21:18,A006,Zebra,Nyungwe,-1.960413,30.037309,OK,101,253.8,Yes,Grazing,0
4/1/2018 1:16,A006,Zebra,Nyungwe,-1.95213,30.06185,OK,82,254.7,No,Stationary,0
4/1/2018 4:31,A006,Zebra,Daintree,-1.94835,30.057232,OK,73,255.6,No,Stationary,3.25
4/1/2018 7:31,A006,Zebra,Congo Basin,-1.95261,30.055313,OK,45,256.5,No,Stationary,6.25
4/1/2018 8:46,A006,Zebra,Sundarbans,-1.954103,30.058809,OK,76,257.4,Yes,Running,0
4/1/2018 18:03,A006,Zebra,Nyungwe,-1.953399,30.041995,OK,88,258.3,No,Stationary,0
4/1/2018 19:12,A006,Zebra,Congo Basin,-1.945279,30.041906,OK,90,259.2,Yes,Walking,0
5/1/2018 2:42,A006,Zebra,Nyungwe,-1.966298,30.042877,OK,100,260.1,Yes,Walking,7.5
5/1/2018 9:18,A006,Zebra,Nyungwe,-1.938063,30.057813,OK,98,261,No,Stationary,0
5/1/2018 21:04,A006,Zebra,Nyungwe,-1.941529,30.059308,OK,62,261.9,No,Stationary,11.76666667
5/1/2018 22:04,A006,Zebra,Sundarbans,-1.940824,30.054736,OK,111,262.8,Yes,Walking,0
6/1/2018 13:51,A006,Zebra,Amazon,-1.960062,30.057534,OK,87,263.7,No,Stationary,0
6/1/2018 16:51,A006,Zebra,Nyungwe,-1.955232,30.045184,OK,95,264.6,No,Stationary,3
6/1/2018 18:21,A006,Zebra,Amazon,-1.967393,30.033059,OK,68,265.5,Yes,Running,0
6/1/2018 22:50,A006,Zebra,Amazon,-1.965488,30.061258,OK,115,266.4,No,Stationary,0
7/1/2018 2:20,A006,Zebra,Nyungwe,-1.952943,30.037046,OK,108,267.3,Yes,Running,0
7/1/2018 17:00,A006,Zebra,Nyungwe,-1.933238,30.052083,OK,57,268.2,No,Stationary,0
7/1/2018 18:06,A006,Zebra,Daintree,-1.965744,30.063942,OK,72,269.1,No,Stationary,1.1
7/1/2018 21:54,A006,Zebra,Sundarbans,-1.961143,30.047772,OK,99,270,No,Stationary,4.9
8/1/2018 1:24,A006,Zebra,Nyungwe,-1.964254,30.050134,OK,69,270.9,Yes,Walking,0
8/1/2018 2:04,A006,Zebra,Yellowstone,-1.931406,30.052139,Distorted,93,271.8,Yes,Grazing,0
8/1/2018 5:40,A006,Zebra,Amazon,-1.928493,30.018053,OK,41,272.7,Yes,Grazing,3.6
8/1/2018 5:55,A006,Zebra,Nyungwe,-1.95419,30.046903,OK,108,273.6,Yes,Running,0
8/1/2018 13:45,A006,Zebra,Daintree,-1.94777,30.053436,OK,71,274.5,Yes,Walking,0
8/1/2018 19:48,A006,Zebra,Yellowstone,-1.936924,30.043138,OK,108,275.4,Yes,Walking,6.05
9/1/2018 2:00,A006,Zebra,Sundarbans,-1.949657,30.052994,OK,80,276.3,No,Stationary,0
9/1/2018 7:56,A006,Zebra,Yellowstone,-1.945297,30.050352,OK,45,277.2,Yes,Running,0
9/1/2018 8:26,A006,Zebra,Sundarbans,-1.932673,30.066297,OK,114,278.1,Yes,Grazing,0
9/1/2018 16:38,A006,Zebra,Yellowstone,-1.949277,30.044193,OK,78,279,Yes,Walking,0
10/1/2018 4:05,A006,Zebra,Amazon,-1.958108,30.0629,OK,41,279.9,Yes,Grazing,0
10/1/2018 4:20,A006,Zebra,Daintree,-1.956569,30.046048,OK,68,280.8,No,Stationary,0
10/1/2018 4:35,A006,Zebra,Congo Basin,-1.946559,30.053686,OK,91,281.7,Yes,Grazing,0
10/1/2018 5:20,A006,Zebra,Nyungwe,-1.944548,30.049347,OK,49,282.6,Yes,Grazing,0.75
10/1/2018 6:44,A006,Zebra,Sundarbans,-1.949434,30.049085,Distorted,72,283.5,Yes,Running,0
10/1/2018 7:14,A006,Zebra,Congo Basin,-1.946718,30.045306,OK,67,284.4,No,Stationary,0
10/1/2018 12:29,A006,Zebra,Sundarbans,-1.93952,30.053628,OK,73,285.3,No,Stationary,5.25
10/1/2018 17:55,A006,Zebra,Sundarbans,-1.943117,30.046326,OK,115,286.2,No,Stationary,10.68333333
10/1/2018 20:10,A006,Zebra,Daintree,-1.94454,30.037536,OK,42,287.1,No,Stationary,12.93333333
10/1/2018 21:23,A006,Zebra,Nyungwe,-1.947946,30.051848,OK,78,288,No,Stationary,14.15
10/1/2018 21:53,A006,Zebra,Sundarbans,-1.947497,30.039701,OK,86,288.9,No,Stationary,14.65
10/1/2018 22:08,A006,Zebra,Amazon,-1.936344,30.043697,OK,115,289.8,Yes,Grazing,0
11/1/2018 3:53,A006,Zebra,Congo Basin,-1.953719,30.043507,OK,67,290.7,No,Stationary,0
11/1/2018 4:52,A006,Zebra,Daintree,-1.949439,30.050602,OK,83,291.6,No,Stationary,0.983333333
11/1/2018 7:44,A006,Zebra,Congo Basin,-1.953182,30.047418,OK,90,292.5,Yes,Running,0
11/1/2018 8:59,A006,Zebra,Yellowstone,-1.946527,30.062366,OK,116,293.4,No,Stationary,0
1/1/2018 11:07,A007,Giraffe,Sundarbans,-1.935604,30.045806,OK,67,294.3,No,Stationary,0
1/1/2018 11:18,A007,Giraffe,Congo Basin,-1.949902,30.0545,Distorted,107,295.2,Yes,Running,0
1/1/2018 11:48,A007,Giraffe,Daintree,-1.954855,30.063264,OK,116,296.1,Yes,Running,0.5
1/1/2018 15:57,A007,Giraffe,Congo Basin,-1.96776,30.049496,OK,71,297,No,Stationary,0
1/1/2018 19:27,A007,Giraffe,Congo Basin,-1.954941,30.048228,OK,100,297.9,Yes,Grazing,0
1/1/2018 21:03,A007,Giraffe,Congo Basin,-1.966394,30.049235,OK,70,298.8,Yes,Running,0
2/1/2018 6:32,A007,Giraffe,Amazon,-1.954334,30.06074,OK,70,299.7,No,Stationary,0
2/1/2018 14:39,A007,Giraffe,Congo Basin,-1.946877,30.058107,OK,78,300.6,Yes,Running,0
2/1/2018 19:56,A007,Giraffe,Amazon,-1.941518,30.04079,OK,79,301.5,Yes,Running,5.283333333
2/1/2018 21:00,A007,Giraffe,Congo Basin,-1.944969,30.054599,OK,94,302.4,No,Stationary,0
3/1/2018 1:42,A007,Giraffe,Congo Basin,-1.94533,30.055429,OK,86,303.3,Yes,Running,0
3/1/2018 4:20,A007,Giraffe,Nyungwe,-1.949736,30.024862,Distorted,81,304.2,No,Stationary,0
3/1/2018 8:20,A007,Giraffe,Sundarbans,-1.950683,30.040405,OK,71,305.1,No,Stationary,4
3/1/2018 13:38,A007,Giraffe,Yellowstone,-1.957178,30.045568,OK,97,306,Yes,Walking,0
3/1/2018 15:47,A007,Giraffe,Yellowstone,-1.959881,30.05696,Distorted,66,306.9,Yes,Running,0
3/1/2018 16:50,A007,Giraffe,Congo Basin,-1.942539,30.061258,OK,118,307.8,Yes,Walking,0
3/1/2018 18:05,A007,Giraffe,Congo Basin,-1.948607,30.056552,OK,75,308.7,Yes,Running,0
3/1/2018 19:48,A007,Giraffe,Nyungwe,-1.953653,30.046157,OK,81,309.6,Yes,Grazing,0
3/1/2018 20:33,A007,Giraffe,Nyungwe,-1.934817,30.057756,OK,110,310.5,No,Stationary,0
4/1/2018 1:01,A007,Giraffe,Congo Basin,-1.956582,30.054905,OK,100,311.4,Yes,Running,0
4/1/2018 14:55,A007,Giraffe,Yellowstone,-1.953445,30.032536,OK,77,312.3,Yes,Grazing,0
4/1/2018 15:10,A007,Giraffe,Daintree,-1.954089,30.061249,OK,110,313.2,No,Stationary,0
4/1/2018 18:57,A007,Giraffe,Daintree,-1.947373,30.047683,OK,49,314.1,No,Stationary,3.783333333
5/1/2018 1:12,A007,Giraffe,Yellowstone,-1.947132,30.049387,OK,81,315,No,Stationary,10.03333333
5/1/2018 3:57,A007,Giraffe,Amazon,-1.938663,30.055551,OK,48,315.9,Yes,Grazing,0
5/1/2018 9:48,A007,Giraffe,Nyungwe,-1.959313,30.058146,OK,73,316.8,No,Stationary,0
5/1/2018 14:29,A007,Giraffe,Yellowstone,-1.959699,30.031455,OK,90,317.7,Yes,Grazing,0
6/1/2018 6:11,A007,Giraffe,Daintree,-1.957717,30.066091,OK,48,318.6,Yes,Grazing,15.7
6/1/2018 7:11,A007,Giraffe,Congo Basin,-1.956783,30.039291,OK,48,319.5,No,Stationary,0
6/1/2018 10:32,A007,Giraffe,Nyungwe,-1.961894,30.029744,OK,43,320.4,Yes,Grazing,0
6/1/2018 12:36,A007,Giraffe,Amazon,-1.954107,30.036332,OK,78,321.3,Yes,Walking,0
6/1/2018 13:21,A007,Giraffe,Amazon,-1.946421,30.048624,OK,45,322.2,Yes,Walking,0.75
6/1/2018 14:28,A007,Giraffe,Sundarbans,-1.946447,30.042156,OK,108,323.1,Yes,Walking,1.866666667
6/1/2018 17:06,A007,Giraffe,Congo Basin,-1.948722,30.058571,OK,114,324,No,Stationary,0
6/1/2018 19:21,A007,Giraffe,Daintree,-1.939979,30.033181,OK,60,324.9,No,Stationary,2.25
6/1/2018 21:36,A007,Giraffe,Sundarbans,-1.959179,30.047691,OK,98,325.8,Yes,Running,0
7/1/2018 0:35,A007,Giraffe,Yellowstone,-1.939114,30.042651,OK,100,326.7,Yes,Grazing,0
7/1/2018 2:05,A007,Giraffe,Sundarbans,-1.957005,30.051836,OK,114,327.6,Yes,Grazing,1.5
7/1/2018 3:56,A007,Giraffe,Yellowstone,-1.928061,30.053568,OK,79,328.5,No,Stationary,0
7/1/2018 9:15,A007,Giraffe,Congo Basin,-1.945771,30.074025,OK,94,329.4,Yes,Walking,0
7/1/2018 11:15,A007,Giraffe,Amazon,-1.93837,30.049838,OK,49,330.3,No,Stationary,0
7/1/2018 17:30,A007,Giraffe,Daintree,-1.949062,30.036431,OK,43,331.2,Yes,Grazing,0
8/1/2018 2:34,A007,Giraffe,Congo Basin,-1.960463,30.059685,OK,81,332.1,No,Stationary,0
8/1/2018 14:00,A007,Giraffe,Amazon,-1.943855,30.034994,OK,64,333,Yes,Walking,0
8/1/2018 14:30,A007,Giraffe,Sundarbans,-1.953103,30.051941,OK,117,333.9,No,Stationary,0
8/1/2018 16:00,A007,Giraffe,Yellowstone,-1.950625,30.047394,OK,46,334.8,Yes,Running,0
8/1/2018 19:03,A007,Giraffe,Congo Basin,-1.925208,30.059217,Distorted,84,335.7,No,Stationary,0
8/1/2018 20:18,A007,Giraffe,Amazon,-1.944932,30.040771,OK,117,336.6,Yes,Running,0
8/1/2018 22:03,A007,Giraffe,Nyungwe,-1.949074,30.055362,OK,70,337.5,No,Stationary,0
9/1/2018 13:20,A007,Giraffe,Yellowstone,-1.944415,30.055466,OK,93,338.4,Yes,Running,0
9/1/2018 16:53,A007,Giraffe,Yellowstone,-1.964265,30.058127,OK,56,339.3,Yes,Running,3.55
9/1/2018 18:21,A007,Giraffe,Yellowstone,-1.950982,30.02341,Distorted,49,340.2,No,Stationary,0
9/1/2018 21:47,A007,Giraffe,Daintree,-1.952228,30.039199,OK,72,341.1,Yes,Grazing,0
10/1/2018 3:35,A007,Giraffe,Yellowstone,-1.951677,30.033451,OK,109,342,Yes,Grazing,5.8
10/1/2018 8:59,A007,Giraffe,Daintree,-1.945165,30.048782,OK,44,342.9,Yes,Walking,0
10/1/2018 10:59,A007,Giraffe,Yellowstone,-1.956725,30.061197,OK,97,343.8,Yes,Running,0
10/1/2018 20:53,A007,Giraffe,Sundarbans,-1.946418,30.036547,OK,53,344.7,Yes,Walking,0
11/1/2018 2:46,A007,Giraffe,Yellowstone,-1.961638,30.050261,OK,64,345.6,Yes,Grazing,0
11/1/2018 6:27,A007,Giraffe,Daintree,-1.939397,30.050608,OK,75,346.5,No,Stationary,0
11/1/2018 8:44,A007,Giraffe,Sundarbans,-1.956133,30.054993,OK,65,347.4,No,Stationary,2.283333333
1/1/2018 12:03,A008,Lion,Yellowstone,-1.938132,30.048118,OK,62,348.3,Yes,Walking,0
1/1/2018 13:25,A008,Lion,Yellowstone,-1.933919,30.035886,OK,113,349.2,Yes,Running,0
1/1/2018 23:18,A008,Lion,Nyungwe,-1.948871,30.037759,OK,113,350.1,No,Stationary,0
2/1/2018 1:00,A008,Lion,Nyungwe,-1.947445,30.042321,OK,95,351,No,Stationary,1.7
2/1/2018 9:49,A008,Lion,Daintree,-1.95986,30.059496,OK,40,351.9,Yes,Walking,0
2/1/2018 11:09,A008,Lion,Congo Basin,-1.936854,30.071662,OK,45,352.8,No,Stationary,0
2/1/2018 15:07,A008,Lion,Amazon,-1.947765,30.058922,Distorted,84,353.7,Yes,Running,0
2/1/2018 18:22,A008,Lion,Amazon,-1.950328,30.062824,OK,110,354.6,No,Stationary,0
2/1/2018 21:15,A008,Lion,Daintree,-1.956246,30.041579,OK,47,355.5,Yes,Walking,0
2/1/2018 22:15,A008,Lion,Nyungwe,-1.946093,30.021461,OK,112,356.4,No,Stationary,0
3/1/2018 3:42,A008,Lion,Amazon,-1.950822,30.041208,OK,114,357.3,No,Stationary,5.45
3/1/2018 9:41,A008,Lion,Amazon,-1.927478,30.055506,OK,67,358.2,Yes,Running,0
3/1/2018 15:38,A008,Lion,Amazon,-1.952031,30.057643,OK,73,359.1,Yes,Running,5.95
3/1/2018 19:18,A008,Lion,Congo Basin,-1.945298,30.066553,Distorted,93,360,Yes,Walking,0
4/1/2018 0:46,A008,Lion,Amazon,-1.95385,30.039364,OK,115,360.9,No,Stationary,0
4/1/2018 8:01,A008,Lion,Nyungwe,-1.953564,30.049693,OK,67,361.8,Yes,Walking,0
4/1/2018 17:48,A008,Lion,Nyungwe,-1.946097,30.047749,OK,96,362.7,No,Stationary,0
4/1/2018 21:12,A008,Lion,Daintree,-1.948438,30.058143,OK,78,363.6,Yes,Running,0
5/1/2018 12:06,A008,Lion,Yellowstone,-1.963315,30.039232,OK,103,364.5,Yes,Running,14.9
5/1/2018 13:06,A008,Lion,Sundarbans,-1.95822,30.030434,OK,96,365.4,Yes,Running,15.9
5/1/2018 16:29,A008,Lion,Daintree,-1.95215,30.038331,OK,65,366.3,No,Stationary,0
5/1/2018 19:29,A008,Lion,Daintree,-1.946603,30.041555,OK,54,367.2,Yes,Walking,0
5/1/2018 23:11,A008,Lion,Amazon,-1.97011,30.04662,OK,49,368.1,No,Stationary,0
6/1/2018 8:56,A008,Lion,Amazon,-1.946585,30.050361,OK,115,369,Yes,Walking,0
6/1/2018 15:43,A008,Lion,Congo Basin,-1.95335,30.047613,OK,95,369.9,No,Stationary,0
6/1/2018 18:36,A008,Lion,Yellowstone,-1.956144,30.057604,OK,41,370.8,No,Stationary,2.883333333
6/1/2018 20:21,A008,Lion,Daintree,-1.932967,30.053859,OK,111,371.7,No,Stationary,4.633333333
6/1/2018 23:05,A008,Lion,Sundarbans,-1.943929,30.049258,OK,109,372.6,No,Stationary,7.366666667
7/1/2018 11:30,A008,Lion,Yellowstone,-1.948619,30.058868,OK,94,373.5,No,Stationary,19.78333333
7/1/2018 12:30,A008,Lion,Yellowstone,-1.953375,30.044475,OK,76,374.4,Yes,Walking,0
7/1/2018 20:39,A008,Lion,Amazon,-1.956205,30.036652,OK,108,375.3,No,Stationary,0
7/1/2018 21:39,A008,Lion,Nyungwe,-1.952369,30.042239,OK,74,376.2,No,Stationary,1
7/1/2018 22:54,A008,Lion,Yellowstone,-1.945204,30.05828,OK,91,377.1,Yes,Walking,0
8/1/2018 7:40,A008,Lion,Yellowstone,-1.951809,30.060919,OK,71,378,Yes,Walking,8.766666667
8/1/2018 9:00,A008,Lion,Congo Basin,-1.964107,30.029337,OK,43,378.9,No,Stationary,0
8/1/2018 17:24,A008,Lion,Daintree,-1.959967,30.043608,OK,48,379.8,No,Stationary,8.4
8/1/2018 21:48,A008,Lion,Congo Basin,-1.962544,30.058387,OK,61,380.7,No,Stationary,12.8
9/1/2018 0:30,A008,Lion,Yellowstone,-1.949428,30.025074,Distorted,110,381.6,Yes,Walking,0
9/1/2018 7:41,A008,Lion,Amazon,-1.964319,30.051046,OK,65,382.5,Yes,Running,0
9/1/2018 10:20,A008,Lion,Amazon,-1.957251,30.03321,OK,89,383.4,Yes,Walking,0
9/1/2018 14:20,A008,Lion,Congo Basin,-1.943218,30.044196,OK,51,384.3,No,Stationary,0
9/1/2018 16:08,A008,Lion,Yellowstone,-1.945759,30.057982,OK,92,385.2,Yes,Running,0
9/1/2018 20:47,A008,Lion,Congo Basin,-1.951138,30.059649,OK,100,386.1,No,Stationary,0
10/1/2018 2:35,A008,Lion,Daintree,-1.94683,30.053938,OK,41,387,Yes,Walking,0
10/1/2018 2:50,A008,Lion,Yellowstone,-1.94721,30.064604,OK,59,387.9,No,Stationary,0
10/1/2018 6:34,A008,Lion,Daintree,-1.945187,30.059652,OK,97,388.8,Yes,Walking,0
10/1/2018 9:29,A008,Lion,Yellowstone,-1.959065,30.062812,OK,98,389.7,Yes,Running,0
10/1/2018 9:44,A008,Lion,Nyungwe,-1.959274,30.045208,OK,64,390.6,No,Stationary,0
10/1/2018 9:59,A008,Lion,Daintree,-1.956477,30.051427,OK,42,391.5,No,Stationary,0.25
10/1/2018 15:38,A008,Lion,Yellowstone,-1.956631,30.04004,OK,54,392.4,No,Stationary,5.9
10/1/2018 18:55,A008,Lion,Yellowstone,-1.949496,30.043435,OK,94,393.3,No,Stationary,9.183333333
10/1/2018 23:16,A008,Lion,Yellowstone,-1.950911,30.047936,OK,79,394.2,No,Stationary,13.53333333
10/1/2018 23:31,A008,Lion,Amazon,-1.940289,30.033587,OK,116,395.1,Yes,Walking,0
11/1/2018 0:01,A008,Lion,Sundarbans,-1.929004,30.052924,OK,110,396,No,Stationary,0
11/1/2018 2:01,A008,Lion,Congo Basin,-1.959297,30.048935,OK,45,396.9,No,Stationary,2
11/1/2018 5:22,A008,Lion,Yellowstone,-1.938367,30.042324,OK,40,397.8,Yes,Walking,0
1/1/2018 9:17,A009,Rhino,Nyungwe,-1.959572,30.033861,OK,70,398.7,Yes,Moving,0
1/1/2018 20:42,A009,Rhino,Daintree,-1.961636,30.04376,OK,73,399.6,Yes,Moving,11.41666667
1/1/2018 21:33,A009,Rhino,Congo Basin,-1.946745,30.047421,OK,109,400.5,No,Stationary,0
1/1/2018 22:03,A009,Rhino,Amazon,-1.954716,30.033932,OK,112,401.4,Yes,Moving,0
2/1/2018 4:45,A009,Rhino,Daintree,-1.949671,30.054057,OK,101,402.3,Yes,Moving,6.7
2/1/2018 10:34,A009,Rhino,Sundarbans,-1.962123,30.038036,OK,95,403.2,No,Stationary,0
2/1/2018 12:09,A009,Rhino,Daintree,-1.971752,30.049254,OK,98,404.1,Yes,Moving,0
2/1/2018 20:45,A009,Rhino,Daintree,-1.95016,30.037224,OK,110,405,Yes,Moving,8.6
3/1/2018 17:35,A009,Rhino,Congo Basin,-1.970437,30.062237,OK,60,405.9,No,Stationary,0
3/1/2018 18:50,A009,Rhino,Sundarbans,-1.953217,30.030761,OK,94,406.8,Yes,Moving,0
4/1/2018 14:25,A009,Rhino,Congo Basin,-1.959811,30.068874,OK,84,407.7,No,Stationary,0
4/1/2018 14:40,A009,Rhino,Amazon,-1.938289,30.042649,OK,92,408.6,Yes,Moving,0
4/1/2018 18:42,A009,Rhino,Congo Basin,-1.965541,30.062454,OK,75,409.5,No,Stationary,0
4/1/2018 19:57,A009,Rhino,Sundarbans,-1.948026,30.031265,OK,66,410.4,Yes,Moving,0
4/1/2018 21:57,A009,Rhino,Yellowstone,-1.952566,30.032743,OK,118,411.3,No,Stationary,0
4/1/2018 22:27,A009,Rhino,Amazon,-1.957039,30.037487,OK,108,412.2,No,Stationary,0.5
5/1/2018 0:57,A009,Rhino,Amazon,-1.957089,30.044618,OK,56,413.1,Yes,Moving,0
5/1/2018 1:42,A009,Rhino,Sundarbans,-1.945474,30.029216,OK,57,414,No,Stationary,0
5/1/2018 6:47,A009,Rhino,Yellowstone,-1.957729,30.059794,Distorted,111,414.9,Yes,Moving,0
5/1/2018 11:31,A009,Rhino,Nyungwe,-1.957182,30.070791,OK,62,415.8,No,Stationary,0
5/1/2018 15:44,A009,Rhino,Sundarbans,-1.948457,30.036773,OK,61,416.7,Yes,Moving,0
5/1/2018 17:44,A009,Rhino,Amazon,-1.929141,30.061076,OK,46,417.6,No,Stationary,0
5/1/2018 19:44,A009,Rhino,Daintree,-1.942474,30.054273,OK,110,418.5,No,Stationary,2
6/1/2018 2:41,A009,Rhino,Congo Basin,-1.950189,30.063942,OK,99,419.4,Yes,Moving,0
6/1/2018 7:41,A009,Rhino,Yellowstone,-1.951517,30.04269,OK,74,420.3,No,Stationary,0
6/1/2018 8:26,A009,Rhino,Congo Basin,-1.944008,30.027108,OK,45,421.2,Yes,Moving,0
6/1/2018 21:21,A009,Rhino,Nyungwe,-1.95198,30.058494,OK,106,422.1,Yes,Moving,12.91666667
7/1/2018 5:11,A009,Rhino,Sundarbans,-1.948812,30.056746,OK,81,423,Yes,Moving,20.75
7/1/2018 7:58,A009,Rhino,Sundarbans,-1.957412,30.046497,OK,90,423.9,Yes,Moving,23.53333333
7/1/2018 21:24,A009,Rhino,Congo Basin,-1.954172,30.046759,OK,111,424.8,Yes,Moving,36.96666667
7/1/2018 23:54,A009,Rhino,Sundarbans,-1.939998,30.047123,OK,103,425.7,Yes,Moving,39.46666667
8/1/2018 13:15,A009,Rhino,Nyungwe,-1.951183,30.053681,OK,53,426.6,Yes,Moving,52.81666667
8/1/2018 18:54,A009,Rhino,Congo Basin,-1.939752,30.058011,OK,97,427.5,Yes,Moving,58.46666667
8/1/2018 20:48,A009,Rhino,Yellowstone,-1.952007,30.046752,OK,105,428.4,No,Stationary,0
8/1/2018 23:03,A009,Rhino,Daintree,-1.943168,30.053908,OK,64,429.3,No,Stationary,2.25
8/1/2018 23:48,A009,Rhino,Congo Basin,-1.972495,30.057905,OK,108,430.2,Yes,Moving,0
9/1/2018 0:03,A009,Rhino,Yellowstone,-1.962287,30.034776,Distorted,119,431.1,No,Stationary,0
9/1/2018 5:41,A009,Rhino,Nyungwe,-1.968418,30.043478,OK,41,432,Yes,Moving,0
9/1/2018 12:20,A009,Rhino,Yellowstone,-1.957236,30.05053,OK,66,432.9,Yes,Moving,6.65
9/1/2018 18:51,A009,Rhino,Congo Basin,-1.950708,30.035099,OK,78,433.8,Yes,Moving,13.16666667
9/1/2018 19:55,A009,Rhino,Congo Basin,-1.951811,30.047543,OK,101,434.7,No,Stationary,0
10/1/2018 3:05,A009,Rhino,Congo Basin,-1.94841,30.063434,OK,71,435.6,No,Stationary,7.166666667
10/1/2018 13:44,A009,Rhino,Congo Basin,-1.936364,30.037827,OK,109,436.5,No,Stationary,17.81666667
10/1/2018 21:08,A009,Rhino,Sundarbans,-1.941424,30.062686,OK,72,437.4,No,Stationary,25.21666667
1/1/2018 6:15,A010,Hippopotamus,Sundarbans,-1.9388,30.049728,OK,54,438.3,No,Stationary,0
1/1/2018 6:50,A010,Hippopotamus,Daintree,-1.942507,30.047939,OK,46,439.2,Yes,Swimming,0
1/1/2018 13:55,A010,Hippopotamus,Amazon,-1.949333,30.074741,OK,89,440.1,Yes,Swimming,7.083333333
1/1/2018 14:57,A010,Hippopotamus,Congo Basin,-1.938842,30.06174,Distorted,107,441,No,Stationary,0
1/1/2018 15:12,A010,Hippopotamus,Sundarbans,-1.952844,30.035951,OK,82,441.9,Yes,Walking,0
1/1/2018 18:57,A010,Hippopotamus,Amazon,-1.962543,30.050836,OK,48,442.8,Yes,Swimming,0
2/1/2018 3:41,A010,Hippopotamus,Sundarbans,-1.944606,30.037725,OK,72,443.7,No,Stationary,0
2/1/2018 5:47,A010,Hippopotamus,Congo Basin,-1.943935,30.066112,Distorted,102,444.6,Yes,Walking,0
2/1/2018 6:06,A010,Hippopotamus,Nyungwe,-1.958434,30.040017,Distorted,97,445.5,No,Stationary,0
2/1/2018 9:19,A010,Hippopotamus,Nyungwe,-1.938633,30.039757,OK,64,446.4,No,Stationary,3.216666667
2/1/2018 13:54,A010,Hippopotamus,Daintree,-1.956011,30.060468,OK,68,447.3,No,Stationary,7.8
2/1/2018 18:56,A010,Hippopotamus,Amazon,-1.95129,30.047614,Distorted,106,448.2,Yes,Swimming,0
2/1/2018 20:30,A010,Hippopotamus,Congo Basin,-1.95413,30.049108,Distorted,66,449.1,Yes,Swimming,1.566666667
3/1/2018 12:53,A010,Hippopotamus,Nyungwe,-1.940828,30.028379,OK,47,450,No,Stationary,0
3/1/2018 14:23,A010,Hippopotamus,Nyungwe,-1.959535,30.052231,OK,61,450.9,Yes,Swimming,0
3/1/2018 15:08,A010,Hippopotamus,Amazon,-1.967524,30.062231,OK,110,451.8,Yes,Swimming,0.75
3/1/2018 18:35,A010,Hippopotamus,Amazon,-1.967195,30.05836,OK,107,452.7,Yes,Swimming,4.2
3/1/2018 19:33,A010,Hippopotamus,Sundarbans,-1.945386,30.063203,OK,95,453.6,Yes,Walking,0
4/1/2018 0:01,A010,Hippopotamus,Nyungwe,-1.962755,30.05605,Distorted,49,454.5,No,Stationary,0
4/1/2018 2:16,A010,Hippopotamus,Nyungwe,-1.970123,30.043352,OK,54,455.4,No,Stationary,2.25
4/1/2018 13:59,A010,Hippopotamus,Yellowstone,-1.935099,30.037688,Distorted,70,456.3,Yes,Walking,0
4/1/2018 23:42,A010,Hippopotamus,Nyungwe,-1.945094,30.053938,OK,85,457.2,Yes,Swimming,0
5/1/2018 0:27,A010,Hippopotamus,Congo Basin,-1.958023,30.052755,OK,53,458.1,No,Stationary,0
5/1/2018 4:27,A010,Hippopotamus,Sundarbans,-1.939746,30.041045,OK,85,459,No,Stationary,4
5/1/2018 6:42,A010,Hippopotamus,Nyungwe,-1.947694,30.039723,OK,60,459.9,No,Stationary,6.25
5/1/2018 7:12,A010,Hippopotamus,Yellowstone,-1.943313,30.057603,Distorted,53,460.8,Yes,Walking,0
5/1/2018 7:42,A010,Hippopotamus,Sundarbans,-1.956644,30.055212,OK,69,461.7,No,Stationary,0
5/1/2018 11:36,A010,Hippopotamus,Daintree,-1.942661,30.046439,Distorted,40,462.6,Yes,Walking,0
5/1/2018 15:59,A010,Hippopotamus,Amazon,-1.950372,30.074419,Distorted,115,463.5,No,Stationary,0
5/1/2018 16:44,A010,Hippopotamus,Yellowstone,-1.97231,30.051157,OK,57,464.4,No,Stationary,0.75
5/1/2018 17:59,A010,Hippopotamus,Daintree,-1.937655,30.043403,Distorted,86,465.3,No,Stationary,2
5/1/2018 19:59,A010,Hippopotamus,Congo Basin,-1.946824,30.052436,OK,48,466.2,Yes,Walking,0
6/1/2018 2:26,A010,Hippopotamus,Nyungwe,-1.948871,30.04175,OK,94,467.1,Yes,Walking,6.45
6/1/2018 7:26,A010,Hippopotamus,Nyungwe,-1.946693,30.05157,OK,46,468,No,Stationary,0
6/1/2018 12:21,A010,Hippopotamus,Sundarbans,-1.941002,30.040098,OK,100,468.9,No,Stationary,4.916666667
6/1/2018 13:36,A010,Hippopotamus,Daintree,-1.953516,30.056301,OK,53,469.8,Yes,Swimming,0
6/1/2018 13:58,A010,Hippopotamus,Yellowstone,-1.954519,30.052781,Distorted,74,470.7,No,Stationary,0
6/1/2018 17:36,A010,Hippopotamus,Congo Basin,-1.943851,30.062854,Distorted,59,471.6,Yes,Swimming,0
7/1/2018 6:11,A010,Hippopotamus,Congo Basin,-1.950364,30.047707,OK,114,472.5,No,Stationary,0
7/1/2018 8:13,A010,Hippopotamus,Amazon,-1.93911,30.046694,OK,113,473.4,No,Stationary,2.033333333
7/1/2018 10:45,A010,Hippopotamus,Congo Basin,-1.944322,30.056074,OK,116,474.3,No,Stationary,4.566666667
7/1/2018 19:39,A010,Hippopotamus,Congo Basin,-1.961255,30.049353,Distorted,54,475.2,No,Stationary,13.46666667
8/1/2018 5:25,A010,Hippopotamus,Sundarbans,-1.946109,30.049944,OK,75,476.1,No,Stationary,23.23333333
8/1/2018 11:44,A010,Hippopotamus,Nyungwe,-1.953734,30.064714,OK,91,477,No,Stationary,29.55
8/1/2018 12:00,A010,Hippopotamus,Yellowstone,-1.926211,30.056516,Distorted,67,477.9,Yes,Walking,0
8/1/2018 16:54,A010,Hippopotamus,Amazon,-1.958141,30.045857,Distorted,117,478.8,No,Stationary,0
8/1/2018 19:33,A010,Hippopotamus,Yellowstone,-1.951924,30.054544,OK,71,479.7,No,Stationary,2.65
8/1/2018 21:18,A010,Hippopotamus,Daintree,-1.957315,30.0368,OK,75,480.6,Yes,Walking,0
8/1/2018 22:33,A010,Hippopotamus,Amazon,-1.971259,30.054201,OK,110,481.5,Yes,Swimming,0
8/1/2018 23:33,A010,Hippopotamus,Sundarbans,-1.948699,30.034885,OK,43,482.4,Yes,Walking,0
9/1/2018 0:15,A010,Hippopotamus,Nyungwe,-1.955048,30.050742,Distorted,90,483.3,No,Stationary,0
9/1/2018 1:45,A010,Hippopotamus,Congo Basin,-1.941372,30.050571,OK,66,484.2,No,Stationary,1.5
9/1/2018 6:26,A010,Hippopotamus,Daintree,-1.952437,30.043332,OK,116,485.1,No,Stationary,6.183333333
9/1/2018 9:06,A010,Hippopotamus,Congo Basin,-1.952294,30.056135,Distorted,90,486,No,Stationary,8.85
9/1/2018 9:50,A010,Hippopotamus,Yellowstone,-1.972312,30.042793,OK,47,486.9,No,Stationary,9.583333333
9/1/2018 15:29,A010,Hippopotamus,Sundarbans,-1.951348,30.065937,OK,114,487.8,Yes,Walking,0
10/1/2018 1:05,A010,Hippopotamus,Nyungwe,-1.956177,30.036655,Distorted,111,488.7,Yes,Swimming,0
10/1/2018 19:25,A010,Hippopotamus,Sundarbans,-1.952102,30.039829,OK,95,489.6,No,Stationary,0
11/1/2018 1:31,A010,Hippopotamus,Congo Basin,-1.932207,30.059985,OK,86,490.5,No,Stationary,6.1
11/1/2018 7:59,A010,Hippopotamus,Nyungwe,-1.950266,30.05218,OK,64,491.4,No,Stationary,12.56666667
1/1/2018 22:18,A011,Cheetah,Amazon,-1.961496,30.044983,OK,97,492.3,No,Stationary,0
2/1/2018 8:34,A011,Cheetah,Congo Basin,-1.957361,30.030487,Distorted,71,493.2,No,Stationary,10.26666667
2/1/2018 9:34,A011,Cheetah,Amazon,-1.950217,30.063858,OK,48,494.1,No,Stationary,11.26666667
3/1/2018 5:35,A011,Cheetah,Amazon,-1.940085,30.036394,OK,82,495,Yes,Walking,0
3/1/2018 9:20,A011,Cheetah,Nyungwe,-1.9621,30.071488,OK,101,495.9,Yes,Running,0
3/1/2018 10:12,A011,Cheetah,Nyungwe,-1.940331,30.042546,Distorted,89,496.8,No,Stationary,0
3/1/2018 11:42,A011,Cheetah,Amazon,-1.940525,30.053163,OK,99,497.7,No,Stationary,1.5
3/1/2018 16:17,A011,Cheetah,Daintree,-1.951585,30.041499,OK,76,498.6,No,Stationary,6.083333333
3/1/2018 20:48,A011,Cheetah,Amazon,-1.948935,30.048895,OK,109,499.5,Yes,Running,0
4/1/2018 3:01,A011,Cheetah,Congo Basin,-1.937295,30.06618,OK,49,500.4,No,Stationary,0
4/1/2018 4:01,A011,Cheetah,Sundarbans,-1.956188,30.059521,OK,40,501.3,Yes,Running,0
4/1/2018 9:45,A011,Cheetah,Sundarbans,-1.949053,30.031265,OK,110,502.2,No,Stationary,0
4/1/2018 11:00,A011,Cheetah,Nyungwe,-1.94547,30.063848,OK,62,503.1,Yes,Running,0
4/1/2018 12:00,A011,Cheetah,Congo Basin,-1.95685,30.048144,OK,81,504,Yes,Walking,0
4/1/2018 16:25,A011,Cheetah,Daintree,-1.963643,30.051966,OK,94,504.9,Yes,Running,0
4/1/2018 19:42,A011,Cheetah,Nyungwe,-1.936964,30.039098,OK,97,505.8,Yes,Walking,0
4/1/2018 22:42,A011,Cheetah,Daintree,-1.94701,30.058575,OK,89,506.7,No,Stationary,0
4/1/2018 23:12,A011,Cheetah,Sundarbans,-1.93813,30.054745,OK,109,507.6,Yes,Running,0
5/1/2018 4:12,A011,Cheetah,Daintree,-1.951284,30.060048,OK,90,508.5,Yes,Running,5
5/1/2018 4:57,A011,Cheetah,Yellowstone,-1.946496,30.045301,OK,114,509.4,No,Stationary,0
5/1/2018 9:33,A011,Cheetah,Congo Basin,-1.964855,30.037485,OK,62,510.3,Yes,Walking,0
5/1/2018 12:51,A011,Cheetah,Yellowstone,-1.957127,30.044513,OK,103,511.2,No,Stationary,0
5/1/2018 13:44,A011,Cheetah,Sundarbans,-1.96569,30.038646,OK,91,512.1,Yes,Walking,0
5/1/2018 15:29,A011,Cheetah,Amazon,-1.942891,30.055476,OK,93,513,Yes,Walking,1.75
5/1/2018 18:59,A011,Cheetah,Sundarbans,-1.960255,30.044494,OK,88,513.9,No,Stationary,0
5/1/2018 21:19,A011,Cheetah,Daintree,-1.947874,30.054718,OK,111,514.8,Yes,Walking,0
6/1/2018 0:11,A011,Cheetah,Nyungwe,-1.954417,30.048927,OK,70,515.7,No,Stationary,0
6/1/2018 1:56,A011,Cheetah,Nyungwe,-1.948777,30.053394,OK,73,516.6,No,Stationary,1.75
6/1/2018 2:56,A011,Cheetah,Daintree,-1.966973,30.043915,OK,101,517.5,Yes,Walking,0
6/1/2018 6:41,A011,Cheetah,Amazon,-1.95332,30.068401,OK,62,518.4,No,Stationary,0
6/1/2018 10:17,A011,Cheetah,Yellowstone,-1.930169,30.064832,OK,112,519.3,Yes,Walking,0
6/1/2018 21:06,A011,Cheetah,Congo Basin,-1.960904,30.050432,OK,100,520.2,Yes,Running,0
7/1/2018 4:41,A011,Cheetah,Daintree,-1.946844,30.051871,OK,75,521.1,Yes,Running,7.583333333
7/1/2018 5:56,A011,Cheetah,Nyungwe,-1.955036,30.055242,OK,116,522,Yes,Walking,0
7/1/2018 10:00,A011,Cheetah,Nyungwe,-1.97358,30.064083,OK,60,522.9,No,Stationary,0
7/1/2018 10:30,A011,Cheetah,Yellowstone,-1.945989,30.053607,OK,101,523.8,Yes,Running,0
7/1/2018 14:00,A011,Cheetah,Amazon,-1.930066,30.057209,OK,54,524.7,Yes,Running,3.5
7/1/2018 20:24,A011,Cheetah,Amazon,-1.969842,30.063668,OK,115,525.6,Yes,Running,9.9
7/1/2018 22:09,A011,Cheetah,Sundarbans,-1.961257,30.065938,OK,100,526.5,No,Stationary,0
8/1/2018 4:10,A011,Cheetah,Sundarbans,-1.948116,30.067621,OK,89,527.4,No,Stationary,6.016666667
8/1/2018 8:45,A011,Cheetah,Nyungwe,-1.93018,30.057354,OK,119,528.3,No,Stationary,10.6
9/1/2018 8:11,A011,Cheetah,Yellowstone,-1.936731,30.04153,OK,95,529.2,No,Stationary,34.03333333
9/1/2018 13:35,A011,Cheetah,Sundarbans,-1.953108,30.057709,OK,96,530.1,Yes,Walking,0
10/1/2018 5:05,A011,Cheetah,Nyungwe,-1.947855,30.052808,OK,78,531,Yes,Running,0
10/1/2018 6:04,A011,Cheetah,Amazon,-1.951983,30.051288,OK,91,531.9,Yes,Running,0.983333333
10/1/2018 9:14,A011,Cheetah,Amazon,-1.952985,30.046492,OK,66,532.8,Yes,Walking,0
10/1/2018 12:59,A011,Cheetah,Congo Basin,-1.945482,30.066466,OK,98,533.7,Yes,Running,0
10/1/2018 19:10,A011,Cheetah,Yellowstone,-1.945212,30.026659,OK,100,534.6,No,Stationary,0
11/1/2018 2:52,A011,Cheetah,Congo Basin,-1.948793,30.039055,Distorted,60,535.5,No,Stationary,7.7
1/1/2018 20:27,A012,Gorilla,Congo Basin,-1.947852,30.039684,OK,71,536.4,Yes,Climbing,0
2/1/2018 8:17,A012,Gorilla,Congo Basin,-1.938745,30.044163,OK,68,537.3,No,Stationary,0
2/1/2018 13:09,A012,Gorilla,Amazon,-1.932854,30.045929,OK,114,538.2,Yes,Climbing,0
3/1/2018 1:57,A012,Gorilla,Yellowstone,-1.951376,30.064232,OK,91,539.1,Yes,Climbing,12.8
3/1/2018 4:35,A012,Gorilla,Amazon,-1.939766,30.047501,OK,58,540,Yes,Climbing,15.43333333
3/1/2018 6:35,A012,Gorilla,Amazon,-1.925473,30.053446,OK,48,540.9,No,Stationary,0
3/1/2018 7:50,A012,Gorilla,Sundarbans,-1.937472,30.052674,OK,58,541.8,No,Stationary,1.25
3/1/2018 11:12,A012,Gorilla,Sundarbans,-1.942747,30.068654,OK,93,542.7,Yes,Climbing,0
3/1/2018 19:05,A012,Gorilla,Congo Basin,-1.938823,30.045323,OK,95,543.6,Yes,Climbing,7.883333333
3/1/2018 20:18,A012,Gorilla,Yellowstone,-1.956338,30.060741,OK,108,544.5,Yes,Walking,0
3/1/2018 22:07,A012,Gorilla,Yellowstone,-1.953945,30.037721,OK,74,545.4,Yes,Climbing,0
4/1/2018 0:16,A012,Gorilla,Nyungwe,-1.929794,30.053648,OK,87,546.3,Yes,Climbing,2.15
4/1/2018 3:31,A012,Gorilla,Congo Basin,-1.960176,30.051624,OK,55,547.2,No,Stationary,0
4/1/2018 5:46,A012,Gorilla,Sundarbans,-1.967105,30.040373,OK,114,548.1,No,Stationary,2.25
4/1/2018 6:31,A012,Gorilla,Yellowstone,-1.952582,30.057913,OK,43,549,No,Stationary,3
4/1/2018 7:46,A012,Gorilla,Daintree,-1.95625,30.04885,OK,71,549.9,Yes,Walking,0
4/1/2018 16:40,A012,Gorilla,Sundarbans,-1.945135,30.063845,OK,63,550.8,No,Stationary,0
4/1/2018 20:42,A012,Gorilla,Amazon,-1.929685,30.037416,Distorted,56,551.7,Yes,Walking,0
5/1/2018 0:42,A012,Gorilla,Amazon,-1.941665,30.042797,OK,96,552.6,No,Stationary,0
5/1/2018 2:12,A012,Gorilla,Daintree,-1.95608,30.041141,OK,60,553.5,No,Stationary,1.5
5/1/2018 2:57,A012,Gorilla,Nyungwe,-1.940605,30.047327,OK,78,554.4,Yes,Climbing,0
5/1/2018 4:42,A012,Gorilla,Amazon,-1.938305,30.047813,OK,107,555.3,Yes,Climbing,1.75
5/1/2018 10:31,A012,Gorilla,Congo Basin,-1.945664,30.052893,OK,99,556.2,No,Stationary,0
5/1/2018 14:44,A012,Gorilla,Amazon,-1.959016,30.044356,OK,101,557.1,Yes,Climbing,0
5/1/2018 16:59,A012,Gorilla,Congo Basin,-1.948778,30.047729,OK,52,558,No,Stationary,0
5/1/2018 23:26,A012,Gorilla,Amazon,-1.940118,30.051158,OK,61,558.9,Yes,Climbing,0
6/1/2018 10:02,A012,Gorilla,Amazon,-1.95764,30.035594,OK,49,559.8,Yes,Walking,0
6/1/2018 14:58,A012,Gorilla,Amazon,-1.953697,30.047818,OK,44,560.7,Yes,Climbing,0
6/1/2018 20:06,A012,Gorilla,Yellowstone,-1.952011,30.049871,OK,50,561.6,Yes,Walking,0
6/1/2018 23:20,A012,Gorilla,Yellowstone,-1.96449,30.042797,OK,77,562.5,Yes,Walking,3.233333333
7/1/2018 2:41,A012,Gorilla,Sundarbans,-1.947348,30.037695,Distorted,112,563.4,No,Stationary,0
7/1/2018 23:39,A012,Gorilla,Yellowstone,-1.95155,30.052284,OK,69,564.3,Yes,Climbing,0
8/1/2018 6:25,A012,Gorilla,Nyungwe,-1.974856,30.046733,OK,52,565.2,Yes,Climbing,6.766666667
8/1/2018 14:15,A012,Gorilla,Amazon,-1.96493,30.064467,OK,67,566.1,No,Stationary,0
9/1/2018 0:45,A012,Gorilla,Congo Basin,-1.956752,30.046511,OK,108,567,Yes,Climbing,0
9/1/2018 2:44,A012,Gorilla,Sundarbans,-1.948617,30.039677,Distorted,104,567.9,Yes,Walking,0
9/1/2018 3:14,A012,Gorilla,Nyungwe,-1.952151,30.047578,OK,60,568.8,Yes,Walking,0.5
9/1/2018 3:29,A012,Gorilla,Daintree,-1.967494,30.072106,OK,96,569.7,No,Stationary,0
9/1/2018 5:26,A012,Gorilla,Yellowstone,-1.942428,30.059012,OK,84,570.6,No,Stationary,1.95
9/1/2018 11:05,A012,Gorilla,Sundarbans,-1.95071,30.048341,OK,105,571.5,Yes,Walking,0
9/1/2018 18:36,A012,Gorilla,Yellowstone,-1.959937,30.049388,OK,104,572.4,Yes,Walking,7.516666667
9/1/2018 22:02,A012,Gorilla,Congo Basin,-1.94932,30.026787,OK,115,573.3,No,Stationary,0
10/1/2018 6:59,A012,Gorilla,Nyungwe,-1.949666,30.036496,OK,98,574.2,Yes,Climbing,0
10/1/2018 10:29,A012,Gorilla,Amazon,-1.934845,30.052622,OK,110,575.1,Yes,Climbing,3.5
10/1/2018 13:14,A012,Gorilla,Yellowstone,-1.964847,30.045289,OK,101,576,No,Stationary,0
10/1/2018 15:05,A012,Gorilla,Nyungwe,-1.939986,30.057978,OK,75,576.9,Yes,Climbing,0
10/1/2018 18:25,A012,Gorilla,Amazon,-1.923449,30.038679,OK,49,577.8,Yes,Climbing,3.333333333
10/1/2018 20:23,A012,Gorilla,Sundarbans,-1.930996,30.049783,Distorted,108,578.7,No,Stationary,0
11/1/2018 3:38,A012,Gorilla,Nyungwe,-1.949493,30.057947,OK,76,579.6,No,Stationary,7.25
1/1/2018 8:02,A013,Crocodile,Sundarbans,-1.947507,30.054695,Distorted,67,580.5,Yes,Walking,0
1/1/2018 9:02,A013,Crocodile,Daintree,-1.95713,30.048701,OK,55,581.4,No,Stationary,0
1/1/2018 22:33,A013,Crocodile,Nyungwe,-1.94973,30.055405,OK,99,582.3,No,Stationary,13.51666667
1/1/2018 23:48,A013,Crocodile,Amazon,-1.959041,30.04033,OK,113,583.2,Yes,Swimming,0
2/1/2018 0:33,A013,Crocodile,Sundarbans,-1.960603,30.030614,OK,81,584.1,Yes,Walking,0
2/1/2018 3:11,A013,Crocodile,Nyungwe,-1.958047,30.057082,Distorted,56,585,No,Stationary,0
2/1/2018 5:54,A013,Crocodile,Nyungwe,-1.952163,30.039713,Distorted,102,585.9,Yes,Swimming,0
2/1/2018 6:17,A013,Crocodile,Sundarbans,-1.941905,30.040601,Distorted,48,586.8,No,Stationary,0
2/1/2018 13:39,A013,Crocodile,Congo Basin,-1.946673,30.068501,OK,96,587.7,No,Stationary,7.366666667
2/1/2018 19:11,A013,Crocodile,Yellowstone,-1.951058,30.061745,OK,97,588.6,No,Stationary,12.9
3/1/2018 0:19,A013,Crocodile,Congo Basin,-1.9606,30.068097,OK,96,589.5,Yes,Swimming,0
3/1/2018 1:27,A013,Crocodile,Amazon,-1.961601,30.043789,OK,48,590.4,Yes,Swimming,1.133333333
3/1/2018 14:38,A013,Crocodile,Nyungwe,-1.947905,30.031479,OK,74,591.3,Yes,Swimming,14.31666667
3/1/2018 21:52,A013,Crocodile,Nyungwe,-1.951424,30.0488,Distorted,81,592.2,No,Stationary,0
3/1/2018 23:52,A013,Crocodile,Congo Basin,-1.956886,30.057254,OK,64,593.1,Yes,Swimming,0
4/1/2018 1:31,A013,Crocodile,Amazon,-1.934818,30.058612,OK,100,594,Yes,Swimming,1.65
4/1/2018 2:46,A013,Crocodile,Yellowstone,-1.94858,30.049145,OK,46,594.9,No,Stationary,0
4/1/2018 9:01,A013,Crocodile,Sundarbans,-1.939413,30.035188,OK,111,595.8,No,Stationary,6.25
4/1/2018 15:25,A013,Crocodile,Yellowstone,-1.940878,30.046134,OK,89,596.7,No,Stationary,12.65
4/1/2018 16:10,A013,Crocodile,Daintree,-1.961666,30.056739,OK,116,597.6,No,Stationary,13.4
4/1/2018 17:03,A013,Crocodile,Congo Basin,-1.943392,30.061635,Distorted,87,598.5,Yes,Walking,0
4/1/2018 18:12,A013,Crocodile,Nyungwe,-1.948345,30.053876,Distorted,51,599.4,No,Stationary,0
4/1/2018 19:27,A013,Crocodile,Daintree,-1.958753,30.055396,OK,93,600.3,Yes,Walking,0
5/1/2018 5:12,A013,Crocodile,Yellowstone,-1.944827,30.061443,OK,50,601.2,Yes,Swimming,0
5/1/2018 20:29,A013,Crocodile,Congo Basin,-1.94023,30.046232,OK,93,602.1,No,Stationary,0
5/1/2018 20:34,A013,Crocodile,Congo Basin,-1.955261,30.034716,Distorted,93,603,No,Stationary,0.083333333
6/1/2018 9:02,A013,Crocodile,Congo Basin,-1.942657,30.05327,Distorted,50,603.9,Yes,Walking,0
6/1/2018 19:36,A013,Crocodile,Amazon,-1.959052,30.036291,OK,109,604.8,Yes,Walking,10.56666667
6/1/2018 20:36,A013,Crocodile,Sundarbans,-1.946299,30.054138,OK,48,605.7,No,Stationary,0
6/1/2018 20:51,A013,Crocodile,Congo Basin,-1.946305,30.038506,Distorted,106,606.6,No,Stationary,0.25
6/1/2018 21:55,A013,Crocodile,Sundarbans,-1.960706,30.042367,Distorted,99,607.5,No,Stationary,1.316666667
6/1/2018 22:20,A013,Crocodile,Congo Basin,-1.950104,30.039264,Distorted,87,608.4,No,Stationary,1.733333333
7/1/2018 1:05,A013,Crocodile,Yellowstone,-1.933855,30.039151,OK,58,609.3,Yes,Swimming,0
7/1/2018 7:13,A013,Crocodile,Congo Basin,-1.927632,30.061949,Distorted,119,610.2,Yes,Walking,0
7/1/2018 9:00,A013,Crocodile,Sundarbans,-1.944388,30.063746,Distorted,70,611.1,Yes,Walking,1.783333333
7/1/2018 18:36,A013,Crocodile,Amazon,-1.959826,30.055937,OK,93,612,Yes,Swimming,0
8/1/2018 3:10,A013,Crocodile,Congo Basin,-1.950233,30.054408,Distorted,53,612.9,No,Stationary,0
8/1/2018 7:10,A013,Crocodile,Congo Basin,-1.957288,30.047935,OK,117,613.8,No,Stationary,4
8/1/2018 9:59,A013,Crocodile,Nyungwe,-1.9589,30.05687,OK,86,614.7,No,Stationary,6.816666667
8/1/2018 16:15,A013,Crocodile,Amazon,-1.945122,30.058827,Distorted,43,615.6,Yes,Walking,0
8/1/2018 18:24,A013,Crocodile,Sundarbans,-1.942038,30.066709,OK,101,616.5,Yes,Walking,2.15
9/1/2018 4:14,A013,Crocodile,Sundarbans,-1.951319,30.04587,OK,102,617.4,Yes,Walking,11.98333333
9/1/2018 10:35,A013,Crocodile,Congo Basin,-1.937098,30.032466,Distorted,54,618.3,No,Stationary,0
9/1/2018 15:14,A013,Crocodile,Daintree,-1.95007,30.04449,OK,73,619.2,Yes,Walking,0
9/1/2018 23:02,A013,Crocodile,Yellowstone,-1.947595,30.033268,OK,58,620.1,Yes,Walking,7.8
10/1/2018 1:50,A013,Crocodile,Yellowstone,-1.950554,30.064073,OK,48,621,No,Stationary,0
10/1/2018 7:59,A013,Crocodile,Sundarbans,-1.947529,30.048896,OK,67,621.9,Yes,Walking,0
10/1/2018 12:44,A013,Crocodile,Sundarbans,-1.93909,30.049462,OK,100,622.8,No,Stationary,0
10/1/2018 14:35,A013,Crocodile,Sundarbans,-1.948257,30.043157,Distorted,94,623.7,Yes,Walking,0
10/1/2018 16:40,A013,Crocodile,Nyungwe,-1.949041,30.055571,Distorted,115,624.6,No,Stationary,0
10/1/2018 19:40,A013,Crocodile,Sundarbans,-1.942939,30.051903,OK,88,625.5,Yes,Swimming,0
11/1/2018 0:16,A013,Crocodile,Amazon,-1.958717,30.056867,OK,78,626.4,No,Stationary,0
11/1/2018 4:22,A013,Crocodile,Daintree,-1.962063,30.061019,OK,40,627.3,No,Stationary,4.1
1/1/2018 7:35,A014,Kangaroo,Yellowstone,-1.932118,30.054363,OK,105,628.2,No,Stationary,0
1/1/2018 8:32,A014,Kangaroo,Yellowstone,-1.953532,30.068039,OK,111,629.1,No,Stationary,0.95
1/1/2018 15:42,A014,Kangaroo,Congo Basin,-1.960714,30.048953,OK,109,630,Yes,Jumping,0
2/1/2018 2:15,A014,Kangaroo,Nyungwe,-1.940942,30.056131,OK,106,630.9,Yes,Jumping,10.55
2/1/2018 4:11,A014,Kangaroo,Sundarbans,-1.94536,30.052512,OK,119,631.8,No,Stationary,0
2/1/2018 5:15,A014,Kangaroo,Congo Basin,-1.952371,30.05795,OK,100,632.7,Yes,Jumping,0
2/1/2018 7:47,A014,Kangaroo,Yellowstone,-1.938526,30.065211,OK,47,633.6,No,Stationary,0
2/1/2018 15:52,A014,Kangaroo,Daintree,-1.952839,30.06313,OK,58,634.5,Yes,Jumping,0
2/1/2018 19:41,A014,Kangaroo,Daintree,-1.940462,30.050555,OK,44,635.4,No,Stationary,0
2/1/2018 20:11,A014,Kangaroo,Sundarbans,-1.940887,30.052901,OK,41,636.3,No,Stationary,0.5
3/1/2018 8:50,A014,Kangaroo,Yellowstone,-1.960643,30.047734,OK,104,637.2,No,Stationary,13.15
3/1/2018 13:08,A014,Kangaroo,Yellowstone,-1.944089,30.056252,OK,50,638.1,Yes,Jumping,0
4/1/2018 3:46,A014,Kangaroo,Nyungwe,-1.941118,30.035442,OK,56,639,Yes,Jumping,14.63333333
4/1/2018 6:01,A014,Kangaroo,Nyungwe,-1.938915,30.045162,OK,61,639.9,No,Stationary,0
4/1/2018 13:04,A014,Kangaroo,Congo Basin,-1.966805,30.063351,OK,100,640.8,No,Stationary,7.05
5/1/2018 1:27,A014,Kangaroo,Congo Basin,-1.947077,30.055754,OK,111,641.7,Yes,Jumping,0
5/1/2018 10:16,A014,Kangaroo,Congo Basin,-1.948419,30.049871,OK,101,642.6,No,Stationary,0
5/1/2018 15:14,A014,Kangaroo,Amazon,-1.935575,30.059274,OK,79,643.5,No,Stationary,4.966666667
5/1/2018 19:14,A014,Kangaroo,Amazon,-1.964133,30.041088,OK,74,644.4,No,Stationary,8.966666667
5/1/2018 23:41,A014,Kangaroo,Sundarbans,-1.941154,30.056786,OK,63,645.3,No,Stationary,13.41666667
5/1/2018 23:56,A014,Kangaroo,Congo Basin,-1.954296,30.050475,OK,43,646.2,No,Stationary,13.66666667
6/1/2018 5:26,A014,Kangaroo,Nyungwe,-1.95498,30.040056,OK,43,647.1,No,Stationary,19.16666667
6/1/2018 17:21,A014,Kangaroo,Daintree,-1.94366,30.037533,OK,89,648,No,Stationary,31.08333333
7/1/2018 2:56,A014,Kangaroo,Nyungwe,-1.950804,30.047068,OK,75,648.9,No,Stationary,40.66666667
7/1/2018 3:11,A014,Kangaroo,Congo Basin,-1.954009,30.061619,OK,100,649.8,Yes,Jumping,0
7/1/2018 8:28,A014,Kangaroo,Daintree,-1.953915,30.041521,OK,115,650.7,Yes,Jumping,5.283333333
7/1/2018 12:15,A014,Kangaroo,Nyungwe,-1.952266,30.039274,OK,116,651.6,No,Stationary,0
7/1/2018 13:00,A014,Kangaroo,Yellowstone,-1.942195,30.022706,OK,93,652.5,No,Stationary,0.75
7/1/2018 15:00,A014,Kangaroo,Yellowstone,-1.948357,30.041414,OK,103,653.4,Yes,Jumping,0
7/1/2018 15:30,A014,Kangaroo,Daintree,-1.959532,30.039193,OK,112,654.3,Yes,Jumping,0.5
8/1/2018 0:24,A014,Kangaroo,Nyungwe,-1.944921,30.067037,OK,59,655.2,No,Stationary,0
8/1/2018 4:40,A014,Kangaroo,Amazon,-1.96301,30.062209,OK,68,656.1,No,Stationary,4.266666667
8/1/2018 10:44,A014,Kangaroo,Amazon,-1.967387,30.035229,OK,76,657,No,Stationary,10.33333333
8/1/2018 15:00,A014,Kangaroo,Nyungwe,-1.963339,30.061963,OK,68,657.9,No,Stationary,14.6
8/1/2018 21:03,A014,Kangaroo,Amazon,-1.962084,30.047913,OK,76,658.8,No,Stationary,20.65
8/1/2018 22:48,A014,Kangaroo,Nyungwe,-1.967634,30.055333,OK,44,659.7,Yes,Jumping,0
9/1/2018 2:30,A014,Kangaroo,Nyungwe,-1.957892,30.054983,OK,66,660.6,No,Stationary,0
9/1/2018 6:56,A014,Kangaroo,Yellowstone,-1.980425,30.04422,OK,63,661.5,Yes,Jumping,0
9/1/2018 13:50,A014,Kangaroo,Congo Basin,-1.933284,30.056332,OK,71,662.4,No,Stationary,0
9/1/2018 16:23,A014,Kangaroo,Sundarbans,-1.952246,30.051234,OK,71,663.3,Yes,Jumping,0
9/1/2018 17:53,A014,Kangaroo,Daintree,-1.942801,30.035682,OK,92,664.2,Yes,Jumping,1.5
10/1/2018 4:50,A014,Kangaroo,Sundarbans,-1.961702,30.060962,OK,60,665.1,Yes,Jumping,12.45
10/1/2018 8:14,A014,Kangaroo,Daintree,-1.949203,30.072413,OK,50,666,No,Stationary,0
10/1/2018 10:44,A014,Kangaroo,Yellowstone,-1.958124,30.032559,OK,89,666.9,No,Stationary,2.5
11/1/2018 6:42,A014,Kangaroo,Amazon,-1.933248,30.056185,OK,88,667.8,No,Stationary,22.46666667
11/1/2018 9:08,A014,Kangaroo,Yellowstone,-1.950351,30.050421,Distorted,47,668.7,Yes,Jumping,0
1/1/2018 15:27,A015,Panda,Daintree,-1.957613,30.041657,OK,49,669.6,Yes,Walking,0
1/1/2018 19:12,A015,Panda,Congo Basin,-1.961078,30.034181,OK,49,670.5,Yes,Walking,3.75
1/1/2018 20:12,A015,Panda,Nyungwe,-1.963752,30.050863,OK,111,671.4,No,Stationary,0
2/1/2018 2:00,A015,Panda,Daintree,-1.948278,30.061509,OK,40,672.3,Yes,Grazing,0
2/1/2018 4:30,A015,Panda,Sundarbans,-1.949694,30.061776,Distorted,41,673.2,No,Stationary,0
2/1/2018 11:39,A015,Panda,Amazon,-1.959491,30.046782,OK,45,674.1,Yes,Grazing,0
2/1/2018 17:37,A015,Panda,Daintree,-1.953954,30.059397,OK,68,675,Yes,Walking,0
2/1/2018 23:35,A015,Panda,Yellowstone,-1.954042,30.049921,OK,90,675.9,No,Stationary,0
3/1/2018 4:12,A015,Panda,Amazon,-1.938819,30.02764,OK,75,676.8,No,Stationary,4.616666667
3/1/2018 5:20,A015,Panda,Daintree,-1.949592,30.036949,OK,48,677.7,No,Stationary,5.75
3/1/2018 12:27,A015,Panda,Daintree,-1.963697,30.058264,OK,119,678.6,No,Stationary,12.86666667
3/1/2018 14:53,A015,Panda,Daintree,-1.94733,30.028778,OK,96,679.5,No,Stationary,15.3
3/1/2018 22:22,A015,Panda,Nyungwe,-1.952292,30.037425,OK,52,680.4,No,Stationary,22.78333333
4/1/2018 6:46,A015,Panda,Nyungwe,-1.956374,30.047468,OK,57,681.3,Yes,Running,0
4/1/2018 7:16,A015,Panda,Nyungwe,-1.956536,30.038644,OK,78,682.2,No,Stationary,0
4/1/2018 16:55,A015,Panda,Amazon,-1.960443,30.053843,OK,74,683.1,Yes,Grazing,0
4/1/2018 20:12,A015,Panda,Amazon,-1.957234,30.049988,OK,90,684,No,Stationary,0
5/1/2018 8:27,A015,Panda,Yellowstone,-1.950733,30.059616,OK,76,684.9,No,Stationary,12.25
5/1/2018 11:01,A015,Panda,Sundarbans,-1.951401,30.043698,OK,78,685.8,No,Stationary,14.81666667
5/1/2018 11:16,A015,Panda,Congo Basin,-1.935485,30.038151,OK,44,686.7,No,Stationary,15.06666667
5/1/2018 12:36,A015,Panda,Yellowstone,-1.93504,30.042192,OK,117,687.6,Yes,Grazing,0
6/1/2018 0:41,A015,Panda,Daintree,-1.947473,30.041346,OK,96,688.5,No,Stationary,0
6/1/2018 1:26,A015,Panda,Nyungwe,-1.936231,30.036347,OK,42,689.4,Yes,Walking,0
6/1/2018 11:32,A015,Panda,Amazon,-1.950791,30.050931,OK,77,690.3,Yes,Grazing,0
6/1/2018 16:36,A015,Panda,Nyungwe,-1.947398,30.051207,OK,42,691.2,Yes,Walking,0
7/1/2018 5:41,A015,Panda,Congo Basin,-1.947205,30.060096,OK,56,692.1,Yes,Running,0
7/1/2018 9:45,A015,Panda,Sundarbans,-1.949613,30.067516,OK,51,693,Yes,Walking,0
7/1/2018 16:15,A015,Panda,Sundarbans,-1.96425,30.047879,OK,86,693.9,No,Stationary,0
8/1/2018 0:54,A015,Panda,Nyungwe,-1.95965,30.061617,OK,109,694.8,Yes,Grazing,0
8/1/2018 4:25,A015,Panda,Congo Basin,-1.95753,30.049811,OK,111,695.7,Yes,Grazing,3.516666667
8/1/2018 4:55,A015,Panda,Amazon,-1.953596,30.05817,OK,50,696.6,No,Stationary,0
8/1/2018 8:07,A015,Panda,Amazon,-1.976287,30.037968,OK,119,697.5,No,Stationary,3.2
8/1/2018 9:44,A015,Panda,Daintree,-1.939744,30.05973,OK,54,698.4,No,Stationary,4.816666667
8/1/2018 10:14,A015,Panda,Nyungwe,-1.950436,30.059119,OK,107,699.3,Yes,Running,0
8/1/2018 13:00,A015,Panda,Daintree,-1.964817,30.046789,OK,80,700.2,No,Stationary,0
9/1/2018 6:41,A015,Panda,Congo Basin,-1.944353,30.044634,OK,54,701.1,No,Stationary,17.68333333
9/1/2018 14:05,A015,Panda,Nyungwe,-1.938206,30.047758,OK,94,702,Yes,Grazing,0
9/1/2018 19:40,A015,Panda,Daintree,-1.94671,30.040825,Distorted,84,702.9,Yes,Running,0
9/1/2018 22:17,A015,Panda,Yellowstone,-1.949875,30.036919,OK,80,703.8,Yes,Grazing,0
9/1/2018 22:32,A015,Panda,Sundarbans,-1.9413,30.047398,OK,60,704.7,No,Stationary,0
10/1/2018 19:55,A015,Panda,Amazon,-1.950028,30.049814,OK,41,705.6,No,Stationary,21.38333333
11/1/2018 1:16,A015,Panda,Amazon,-1.959996,30.042658,OK,90,706.5,No,Stationary,26.73333333
11/1/2018 4:37,A015,Panda,Sundarbans,-1.957042,30.042704,OK,41,707.4,No,Stationary,30.08333333
11/1/2018 6:59,A015,Panda,Congo Basin,-1.944014,30.041418,Distorted,114,708.3,Yes,Walking,0
11/1/2018 8:29,A015,Panda,Amazon,-1.952811,30.058462,OK,67,709.2,Yes,Grazing,0
1/1/2018 17:12,A016,Koala,Daintree,-1.957791,30.045498,OK,80,710.1,Yes,Climbing,0
1/1/2018 17:42,A016,Koala,Daintree,-1.952485,30.05217,OK,83,711,No,Stationary,0
2/1/2018 0:03,A016,Koala,Daintree,-1.969655,30.056703,OK,105,711.9,Yes,Climbing,0
2/1/2018 2:30,A016,Koala,Yellowstone,-1.949128,30.068377,OK,82,712.8,Yes,Walking,0
2/1/2018 16:37,A016,Koala,Nyungwe,-1.953445,30.037099,OK,69,713.7,Yes,Climbing,0
2/1/2018 16:52,A016,Koala,Amazon,-1.950201,30.038921,OK,88,714.6,Yes,Climbing,0.25
2/1/2018 17:52,A016,Koala,Daintree,-1.949092,30.044869,OK,47,715.5,Yes,Climbing,1.25
2/1/2018 22:00,A016,Koala,Amazon,-1.956031,30.042025,OK,103,716.4,Yes,Walking,0
3/1/2018 3:12,A016,Koala,Yellowstone,-1.96573,30.057257,OK,102,717.3,No,Stationary,0
3/1/2018 7:20,A016,Koala,Sundarbans,-1.944508,30.035668,OK,108,718.2,Yes,Climbing,0
4/1/2018 4:16,A016,Koala,Congo Basin,-1.95168,30.042855,OK,109,719.1,No,Stationary,0
4/1/2018 11:45,A016,Koala,Congo Basin,-1.956316,30.070737,OK,110,720,Yes,Walking,0
4/1/2018 15:55,A016,Koala,Yellowstone,-1.939354,30.047302,OK,99,720.9,Yes,Walking,4.166666667
4/1/2018 21:42,A016,Koala,Amazon,-1.955791,30.043233,OK,117,721.8,No,Stationary,0
4/1/2018 23:27,A016,Koala,Daintree,-1.959255,30.044879,OK,100,722.7,No,Stationary,1.75
5/1/2018 2:27,A016,Koala,Yellowstone,-1.94855,30.059029,OK,67,723.6,No,Stationary,4.75
5/1/2018 7:57,A016,Koala,Nyungwe,-1.940457,30.073009,OK,48,724.5,No,Stationary,10.25
5/1/2018 9:03,A016,Koala,Congo Basin,-1.959505,30.062864,OK,88,725.4,Yes,Walking,0
5/1/2018 14:59,A016,Koala,Amazon,-1.956318,30.037645,OK,63,726.3,Yes,Walking,5.933333333
5/1/2018 17:14,A016,Koala,Nyungwe,-1.929517,30.042762,OK,89,727.2,No,Stationary,0
5/1/2018 20:49,A016,Koala,Yellowstone,-1.951575,30.043879,OK,61,728.1,Yes,Walking,0
5/1/2018 22:34,A016,Koala,Congo Basin,-1.950345,30.041507,OK,65,729,Yes,Climbing,0
6/1/2018 0:26,A016,Koala,Nyungwe,-1.947363,30.07466,OK,79,729.9,No,Stationary,0
6/1/2018 0:56,A016,Koala,Amazon,-1.94109,30.054113,OK,89,730.8,Yes,Walking,0
6/1/2018 17:51,A016,Koala,Daintree,-1.933977,30.047457,OK,65,731.7,Yes,Climbing,0
7/1/2018 11:45,A016,Koala,Sundarbans,-1.94175,30.03328,OK,106,732.6,Yes,Walking,0
7/1/2018 15:45,A016,Koala,Amazon,-1.955416,30.059338,OK,87,733.5,Yes,Climbing,0
7/1/2018 18:51,A016,Koala,Yellowstone,-1.943251,30.037376,OK,62,734.4,No,Stationary,0
8/1/2018 6:40,A016,Koala,Daintree,-1.945628,30.062904,OK,65,735.3,No,Stationary,11.81666667
8/1/2018 6:55,A016,Koala,Congo Basin,-1.944033,30.064074,OK,104,736.2,No,Stationary,12.06666667
9/1/2018 1:15,A016,Koala,Nyungwe,-1.961072,30.022912,OK,77,737.1,Yes,Climbing,0
9/1/2018 2:59,A016,Koala,Yellowstone,-1.951529,30.048936,OK,97,738,No,Stationary,0
9/1/2018 5:56,A016,Koala,Sundarbans,-1.948881,30.039321,OK,66,738.9,Yes,Walking,0
9/1/2018 9:35,A016,Koala,Nyungwe,-1.943215,30.05265,OK,100,739.8,Yes,Walking,3.65
9/1/2018 12:50,A016,Koala,Yellowstone,-1.942997,30.041001,OK,50,740.7,Yes,Walking,6.9
9/1/2018 14:59,A016,Koala,Amazon,-1.944873,30.048193,OK,100,741.6,Yes,Climbing,0
9/1/2018 23:17,A016,Koala,Daintree,-1.954332,30.048281,OK,77,742.5,Yes,Climbing,8.3
10/1/2018 0:10,A016,Koala,Yellowstone,-1.949916,30.032277,OK,117,743.4,Yes,Climbing,9.183333333
10/1/2018 1:20,A016,Koala,Sundarbans,-1.948882,30.047635,OK,111,744.3,Yes,Walking,0
10/1/2018 8:44,A016,Koala,Amazon,-1.949039,30.038637,OK,112,745.2,Yes,Walking,7.4
10/1/2018 14:14,A016,Koala,Sundarbans,-1.965743,30.052803,OK,73,746.1,Yes,Climbing,0
10/1/2018 23:01,A016,Koala,Congo Basin,-1.935202,30.051595,OK,95,747,No,Stationary,0
11/1/2018 0:31,A016,Koala,Daintree,-1.939023,30.067165,OK,85,747.9,Yes,Walking,0
11/1/2018 2:31,A016,Koala,Yellowstone,-1.946785,30.054866,OK,115,748.8,Yes,Climbing,0
1/1/2018 9:32,A017,Sloth,Yellowstone,-1.957607,30.017884,OK,76,749.7,No,Stationary,0
1/1/2018 9:47,A017,Sloth,Yellowstone,-1.963468,30.050166,OK,55,750.6,No,Stationary,0.25
1/1/2018 12:48,A017,Sloth,Nyungwe,-1.939886,30.054636,OK,108,751.5,Yes,Climbing,0
1/1/2018 16:57,A017,Sloth,Daintree,-1.95014,30.057203,OK,113,752.4,No,Stationary,0
1/1/2018 18:42,A017,Sloth,Amazon,-1.952133,30.055134,OK,73,753.3,Yes,Climbing,0
2/1/2018 1:45,A017,Sloth,Sundarbans,-1.96226,30.052028,OK,76,754.2,Yes,Climbing,7.05
2/1/2018 11:24,A017,Sloth,Yellowstone,-1.950829,30.058504,OK,82,755.1,No,Stationary,0
2/1/2018 17:07,A017,Sloth,Sundarbans,-1.950578,30.055441,OK,83,756,No,Stationary,5.716666667
2/1/2018 23:00,A017,Sloth,Nyungwe,-1.967806,30.056548,OK,117,756.9,Yes,Climbing,0
3/1/2018 3:27,A017,Sloth,Nyungwe,-1.951903,30.037767,OK,83,757.8,No,Stationary,0
3/1/2018 6:50,A017,Sloth,Congo Basin,-1.961112,30.058653,OK,40,758.7,Yes,Climbing,0
3/1/2018 8:05,A017,Sloth,Sundarbans,-1.950852,30.03544,OK,66,759.6,Yes,Climbing,1.25
3/1/2018 10:42,A017,Sloth,Congo Basin,-1.946471,30.056892,OK,104,760.5,No,Stationary,0
3/1/2018 13:53,A017,Sloth,Sundarbans,-1.945314,30.049665,OK,77,761.4,Yes,Climbing,0
3/1/2018 16:02,A017,Sloth,Daintree,-1.945408,30.055693,OK,106,762.3,Yes,Walking,0
3/1/2018 17:20,A017,Sloth,Sundarbans,-1.930243,30.037253,OK,49,763.2,No,Stationary,0
3/1/2018 18:20,A017,Sloth,Yellowstone,-1.937512,30.049177,OK,91,764.1,Yes,Climbing,0
4/1/2018 2:31,A017,Sloth,Sundarbans,-1.958084,30.065272,OK,104,765,Yes,Climbing,8.183333333
5/1/2018 6:12,A017,Sloth,Congo Basin,-1.945597,30.062792,OK,104,765.9,No,Stationary,0
5/1/2018 21:34,A017,Sloth,Nyungwe,-1.958342,30.047445,OK,53,766.8,No,Stationary,15.36666667
6/1/2018 4:26,A017,Sloth,Amazon,-1.955964,30.03581,OK,74,767.7,Yes,Climbing,0
6/1/2018 9:32,A017,Sloth,Nyungwe,-1.943614,30.049732,OK,104,768.6,Yes,Climbing,5.1
6/1/2018 18:06,A017,Sloth,Sundarbans,-1.944784,30.063741,OK,63,769.5,No,Stationary,0
7/1/2018 14:15,A017,Sloth,Daintree,-1.934485,30.074055,OK,62,770.4,No,Stationary,20.15
7/1/2018 16:30,A017,Sloth,Nyungwe,-1.954791,30.057309,OK,76,771.3,Yes,Climbing,0
7/1/2018 21:09,A017,Sloth,Daintree,-1.947738,30.03322,OK,116,772.2,No,Stationary,0
7/1/2018 22:24,A017,Sloth,Nyungwe,-1.967949,30.052065,OK,46,773.1,Yes,Walking,0
7/1/2018 22:39,A017,Sloth,Amazon,-1.932031,30.054061,OK,93,774,No,Stationary,0
7/1/2018 23:24,A017,Sloth,Daintree,-1.960754,30.028135,OK,59,774.9,No,Stationary,0.75
8/1/2018 2:49,A017,Sloth,Congo Basin,-1.953042,30.052743,OK,100,775.8,Yes,Climbing,0
8/1/2018 3:40,A017,Sloth,Yellowstone,-1.962018,30.053439,OK,95,776.7,Yes,Walking,0
8/1/2018 3:55,A017,Sloth,Congo Basin,-1.963338,30.039803,OK,113,777.6,No,Stationary,0
8/1/2018 20:03,A017,Sloth,Sundarbans,-1.947366,30.050965,OK,108,778.5,Yes,Walking,0
9/1/2018 1:00,A017,Sloth,Congo Basin,-1.935501,30.048157,OK,101,779.4,Yes,Climbing,0
9/1/2018 2:15,A017,Sloth,Nyungwe,-1.955958,30.04347,OK,100,780.3,No,Stationary,0
9/1/2018 4:44,A017,Sloth,Congo Basin,-1.944768,30.050559,OK,55,781.2,No,Stationary,2.483333333
9/1/2018 8:56,A017,Sloth,Amazon,-1.939367,30.052255,OK,88,782.1,Yes,Climbing,0
9/1/2018 17:23,A017,Sloth,Nyungwe,-1.971031,30.048956,OK,119,783,No,Stationary,0
9/1/2018 23:32,A017,Sloth,Amazon,-1.937088,30.039915,OK,50,783.9,Yes,Walking,0
9/1/2018 23:55,A017,Sloth,Daintree,-1.932838,30.043122,Distorted,64,784.8,No,Stationary,0
10/1/2018 12:14,A017,Sloth,Amazon,-1.947431,30.036669,OK,106,785.7,No,Stationary,12.31666667
10/1/2018 17:25,A017,Sloth,Nyungwe,-1.961003,30.057948,OK,69,786.6,No,Stationary,17.5
11/1/2018 7:14,A017,Sloth,Nyungwe,-1.939154,30.056726,OK,73,787.5,No,Stationary,31.31666667
11/1/2018 9:38,A017,Sloth,Nyungwe,-1.949365,30.050241,OK,70,788.4,No,Stationary,33.71666667
1/1/2018 6:30,A018,Wolf,Congo Basin,-1.946879,30.041344,OK,76,789.3,Yes,Running,0
1/1/2018 7:05,A018,Wolf,Sundarbans,-1.94678,30.034508,OK,110,790.2,Yes,Running,0.583333333
1/1/2018 11:33,A018,Wolf,Congo Basin,-1.936097,30.047241,OK,45,791.1,Yes,Running,5.05
1/1/2018 13:40,A018,Wolf,Congo Basin,-1.953518,30.060601,OK,72,792,Yes,Running,7.166666667
1/1/2018 21:48,A018,Wolf,Congo Basin,-1.948622,30.054094,OK,98,792.9,Yes,Walking,0
1/1/2018 22:48,A018,Wolf,Yellowstone,-1.937841,30.032984,OK,49,793.8,Yes,Walking,1
2/1/2018 2:45,A018,Wolf,Congo Basin,-1.949951,30.041255,OK,58,794.7,No,Stationary,0
2/1/2018 7:17,A018,Wolf,Amazon,-1.936272,30.039834,OK,62,795.6,Yes,Walking,0
2/1/2018 9:04,A018,Wolf,Yellowstone,-1.950568,30.056443,OK,102,796.5,No,Stationary,0
2/1/2018 11:54,A018,Wolf,Yellowstone,-1.959742,30.047927,OK,75,797.4,No,Stationary,2.833333333
2/1/2018 15:37,A018,Wolf,Yellowstone,-1.956112,30.053093,OK,87,798.3,No,Stationary,6.55
2/1/2018 16:07,A018,Wolf,Daintree,-1.953937,30.064372,OK,71,799.2,Yes,Running,0
2/1/2018 21:45,A018,Wolf,Daintree,-1.94844,30.073479,OK,43,800.1,Yes,Walking,0
3/1/2018 2:12,A018,Wolf,Daintree,-1.94691,30.057573,OK,92,801,Yes,Walking,4.45
3/1/2018 5:05,A018,Wolf,Nyungwe,-1.971354,30.046794,OK,63,801.9,No,Stationary,0
3/1/2018 6:20,A018,Wolf,Congo Basin,-1.960766,30.063457,OK,104,802.8,Yes,Running,0
3/1/2018 15:23,A018,Wolf,Yellowstone,-1.945781,30.04476,OK,87,803.7,Yes,Running,9.05
4/1/2018 1:46,A018,Wolf,Sundarbans,-1.958301,30.06698,OK,99,804.6,No,Stationary,0
4/1/2018 5:01,A018,Wolf,Nyungwe,-1.953245,30.045774,OK,75,805.5,No,Stationary,3.25
4/1/2018 17:18,A018,Wolf,Daintree,-1.947908,30.050866,OK,111,806.4,Yes,Walking,0
5/1/2018 0:12,A018,Wolf,Nyungwe,-1.976869,30.058052,OK,73,807.3,Yes,Walking,6.9
5/1/2018 5:42,A018,Wolf,Amazon,-1.967637,30.053855,OK,108,808.2,No,Stationary,0
5/1/2018 12:21,A018,Wolf,Congo Basin,-1.952616,30.051284,OK,100,809.1,Yes,Walking,0
5/1/2018 16:14,A018,Wolf,Amazon,-1.955598,30.05613,OK,117,810,No,Stationary,0
5/1/2018 18:29,A018,Wolf,Congo Basin,-1.957831,30.058085,OK,75,810.9,No,Stationary,2.25
5/1/2018 20:14,A018,Wolf,Daintree,-1.969688,30.064307,OK,95,811.8,No,Stationary,4
6/1/2018 4:41,A018,Wolf,Daintree,-1.953627,30.035941,OK,47,812.7,No,Stationary,12.45
6/1/2018 5:41,A018,Wolf,Sundarbans,-1.953856,30.054963,OK,78,813.6,No,Stationary,13.45
7/1/2018 0:05,A018,Wolf,Daintree,-1.938839,30.046465,OK,47,814.5,Yes,Running,0
7/1/2018 0:50,A018,Wolf,Yellowstone,-1.969939,30.041858,OK,89,815.4,Yes,Walking,0
7/1/2018 4:56,A018,Wolf,Sundarbans,-1.957414,30.044836,OK,100,816.3,Yes,Walking,4.1
7/1/2018 5:26,A018,Wolf,Nyungwe,-1.949869,30.058607,OK,83,817.2,No,Stationary,0
7/1/2018 6:56,A018,Wolf,Amazon,-1.937356,30.037169,OK,69,818.1,No,Stationary,1.5
7/1/2018 19:06,A018,Wolf,Yellowstone,-1.958208,30.058888,OK,70,819,Yes,Walking,0
7/1/2018 19:54,A018,Wolf,Daintree,-1.948229,30.05093,OK,87,819.9,No,Stationary,0
7/1/2018 23:09,A018,Wolf,Yellowstone,-1.951426,30.0459,OK,43,820.8,Yes,Walking,0
8/1/2018 1:09,A018,Wolf,Daintree,-1.944035,30.034863,OK,83,821.7,No,Stationary,0
8/1/2018 1:39,A018,Wolf,Congo Basin,-1.960697,30.040553,OK,53,822.6,No,Stationary,0.5
8/1/2018 3:04,A018,Wolf,Congo Basin,-1.947588,30.06467,OK,55,823.5,Yes,Running,0
8/1/2018 11:29,A018,Wolf,Daintree,-1.947957,30.050221,OK,88,824.4,No,Stationary,0
8/1/2018 18:39,A018,Wolf,Congo Basin,-1.944759,30.033576,OK,84,825.3,Yes,Walking,0
8/1/2018 23:18,A018,Wolf,Congo Basin,-1.950658,30.040796,OK,77,826.2,Yes,Running,0
9/1/2018 12:35,A018,Wolf,Sundarbans,-1.941116,30.056476,OK,84,827.1,No,Stationary,0
9/1/2018 20:32,A018,Wolf,Nyungwe,-1.933369,30.042289,Distorted,54,828,No,Stationary,7.95
10/1/2018 1:35,A018,Wolf,Daintree,-1.958399,30.054228,OK,114,828.9,No,Stationary,13
10/1/2018 3:20,A018,Wolf,Sundarbans,-1.942328,30.042023,OK,81,829.8,No,Stationary,14.75
10/1/2018 18:40,A018,Wolf,Sundarbans,-1.963511,30.044592,OK,88,830.7,Yes,Running,0
11/1/2018 1:46,A018,Wolf,Daintree,-1.950295,30.040428,OK,69,831.6,Yes,Running,7.1
11/1/2018 5:58,A018,Wolf,Yellowstone,-1.946681,30.056642,OK,93,832.5,Yes,Walking,0
11/1/2018 9:53,A018,Wolf,Amazon,-1.958151,30.058769,OK,98,833.4,Yes,Running,0
11/1/2018 10:08,A018,Wolf,Amazon,-1.944605,30.048359,OK,108,834.3,No,Stationary,0
1/1/2018 7:20,A019,Fox,Daintree,-1.95894,30.044839,OK,40,835.2,No,Stationary,0
1/1/2018 10:17,A019,Fox,Yellowstone,-1.940943,30.044144,OK,104,836.1,No,Stationary,2.95
1/1/2018 14:25,A019,Fox,Sundarbans,-1.922873,30.051607,OK,86,837,No,Stationary,7.083333333
2/1/2018 0:18,A019,Fox,Congo Basin,-1.949998,30.060904,OK,71,837.9,No,Stationary,16.96666667
2/1/2018 3:26,A019,Fox,Congo Basin,-1.939285,30.06789,OK,73,838.8,No,Stationary,20.1
2/1/2018 3:56,A019,Fox,Congo Basin,-1.945259,30.050224,OK,109,839.7,Yes,Running,0
2/1/2018 10:04,A019,Fox,Daintree,-1.933955,30.055276,OK,82,840.6,No,Stationary,0
2/1/2018 10:19,A019,Fox,Yellowstone,-1.950353,30.045204,OK,56,841.5,No,Stationary,0.25
2/1/2018 12:54,A019,Fox,Sundarbans,-1.945747,30.052833,OK,99,842.4,Yes,Running,0
2/1/2018 17:22,A019,Fox,Congo Basin,-1.950698,30.046907,OK,114,843.3,No,Stationary,0
2/1/2018 18:07,A019,Fox,Yellowstone,-1.954898,30.057698,OK,60,844.2,Yes,Running,0
3/1/2018 2:42,A019,Fox,Daintree,-1.947723,30.063895,OK,105,845.1,Yes,Walking,0
3/1/2018 7:35,A019,Fox,Daintree,-1.952579,30.029092,OK,46,846,Yes,Running,0
3/1/2018 11:57,A019,Fox,Sundarbans,-1.957973,30.067334,Distorted,87,846.9,Yes,Running,4.366666667
3/1/2018 20:03,A019,Fox,Amazon,-1.954727,30.065344,OK,53,847.8,No,Stationary,0
3/1/2018 21:03,A019,Fox,Nyungwe,-1.940784,30.057384,OK,77,848.7,Yes,Running,0
3/1/2018 23:07,A019,Fox,Yellowstone,-1.963513,30.051695,OK,74,849.6,Yes,Walking,0
3/1/2018 23:37,A019,Fox,Congo Basin,-1.953178,30.049545,OK,95,850.5,No,Stationary,0
4/1/2018 8:31,A019,Fox,Nyungwe,-1.937879,30.044755,OK,78,851.4,Yes,Walking,0
4/1/2018 11:30,A019,Fox,Yellowstone,-1.942032,30.060866,OK,109,852.3,Yes,Running,0
4/1/2018 12:30,A019,Fox,Amazon,-1.935014,30.052065,OK,63,853.2,No,Stationary,0
4/1/2018 13:34,A019,Fox,Yellowstone,-1.944136,30.056551,OK,64,854.1,No,Stationary,1.066666667
4/1/2018 13:49,A019,Fox,Congo Basin,-1.939576,30.045936,OK,80,855,No,Stationary,1.316666667
4/1/2018 20:57,A019,Fox,Yellowstone,-1.957291,30.049561,OK,51,855.9,No,Stationary,8.45
5/1/2018 11:51,A019,Fox,Yellowstone,-1.958918,30.052527,OK,76,856.8,Yes,Walking,0
5/1/2018 13:29,A019,Fox,Yellowstone,-1.942689,30.040757,OK,112,857.7,Yes,Running,0
5/1/2018 17:29,A019,Fox,Daintree,-1.961502,30.046568,OK,84,858.6,Yes,Walking,0
5/1/2018 22:19,A019,Fox,Sundarbans,-1.977705,30.05218,OK,53,859.5,Yes,Running,0
5/1/2018 22:56,A019,Fox,Amazon,-1.938631,30.063464,Distorted,58,860.4,Yes,Walking,0
6/1/2018 3:11,A019,Fox,Nyungwe,-1.939139,30.066545,OK,79,861.3,Yes,Walking,4.25
6/1/2018 5:11,A019,Fox,Amazon,-1.96208,30.044396,OK,52,862.2,No,Stationary,0
6/1/2018 6:26,A019,Fox,Nyungwe,-1.952268,30.060893,OK,65,863.1,Yes,Running,0
6/1/2018 8:11,A019,Fox,Nyungwe,-1.958602,30.047364,OK,68,864,No,Stationary,0
6/1/2018 9:47,A019,Fox,Sundarbans,-1.938229,30.044279,OK,60,864.9,No,Stationary,1.6
6/1/2018 15:28,A019,Fox,Yellowstone,-1.933536,30.050501,OK,68,865.8,Yes,Running,0
6/1/2018 16:13,A019,Fox,Nyungwe,-1.936908,30.036069,OK,62,866.7,No,Stationary,0
6/1/2018 22:13,A019,Fox,Yellowstone,-1.946074,30.063219,Distorted,72,867.6,No,Stationary,6
6/1/2018 23:35,A019,Fox,Amazon,-1.942196,30.061642,OK,112,868.5,No,Stationary,7.366666667
7/1/2018 1:20,A019,Fox,Amazon,-1.95841,30.062402,OK,60,869.4,Yes,Walking,0
7/1/2018 4:11,A019,Fox,Amazon,-1.945543,30.048055,OK,79,870.3,Yes,Walking,2.85
7/1/2018 8:43,A019,Fox,Daintree,-1.931835,30.034114,OK,99,871.2,No,Stationary,0
7/1/2018 11:00,A019,Fox,Yellowstone,-1.947427,30.050323,OK,44,872.1,No,Stationary,2.283333333
7/1/2018 12:00,A019,Fox,Congo Basin,-1.958189,30.047956,OK,102,873,Yes,Walking,0
7/1/2018 17:36,A019,Fox,Amazon,-1.948898,30.071986,Distorted,68,873.9,No,Stationary,0
8/1/2018 12:15,A019,Fox,Daintree,-1.940579,30.059113,OK,110,874.8,Yes,Running,0
8/1/2018 18:09,A019,Fox,Sundarbans,-1.940612,30.033008,OK,46,875.7,No,Stationary,0
8/1/2018 19:18,A019,Fox,Yellowstone,-1.942276,30.03767,OK,94,876.6,No,Stationary,1.15
8/1/2018 20:33,A019,Fox,Congo Basin,-1.953599,30.052694,OK,59,877.5,No,Stationary,2.4
9/1/2018 3:44,A019,Fox,Amazon,-1.924239,30.037891,OK,72,878.4,Yes,Running,0
9/1/2018 7:11,A019,Fox,Congo Basin,-1.938709,30.062071,OK,50,879.3,No,Stationary,0
9/1/2018 10:05,A019,Fox,Yellowstone,-1.948927,30.046446,OK,79,880.2,No,Stationary,2.9
9/1/2018 15:53,A019,Fox,Daintree,-1.937909,30.056021,OK,108,881.1,Yes,Running,0
9/1/2018 17:08,A019,Fox,Daintree,-1.934182,30.049313,OK,50,882,No,Stationary,0
10/1/2018 0:40,A019,Fox,Congo Basin,-1.972654,30.039953,OK,65,882.9,No,Stationary,7.533333333
10/1/2018 3:50,A019,Fox,Congo Basin,-1.95351,30.053731,OK,90,883.8,No,Stationary,10.7
10/1/2018 5:34,A019,Fox,Sundarbans,-1.940278,30.038683,Distorted,42,884.7,Yes,Walking,0
10/1/2018 5:49,A019,Fox,Yellowstone,-1.959263,30.045265,OK,95,885.6,No,Stationary,0
10/1/2018 6:19,A019,Fox,Congo Basin,-1.954338,30.045264,OK,59,886.5,No,Stationary,0.5
10/1/2018 7:44,A019,Fox,Nyungwe,-1.952849,30.057079,OK,116,887.4,Yes,Walking,0
10/1/2018 11:44,A019,Fox,Amazon,-1.952813,30.054386,OK,78,888.3,No,Stationary,0
10/1/2018 17:10,A019,Fox,Nyungwe,-1.955522,30.040948,OK,68,889.2,Yes,Running,0
1/1/2018 10:02,A020,Owl,Daintree,-1.94407,30.047027,OK,53,890.1,No,Stationary,0
1/1/2018 10:47,A020,Owl,Daintree,-1.962704,30.039832,OK,97,891,Yes,Flying,0
1/1/2018 12:33,A020,Owl,Nyungwe,-1.948769,30.036082,OK,83,891.9,No,Stationary,0
1/1/2018 16:12,A020,Owl,Amazon,-1.94555,30.039128,OK,60,892.8,No,Stationary,3.65
1/1/2018 16:27,A020,Owl,Congo Basin,-1.977368,30.033869,OK,68,893.7,No,Stationary,3.9
1/1/2018 21:18,A020,Owl,Sundarbans,-1.95305,30.036429,OK,83,894.6,No,Stationary,8.75
2/1/2018 8:49,A020,Owl,Daintree,-1.945665,30.048873,OK,118,895.5,No,Stationary,20.26666667
2/1/2018 12:24,A020,Owl,Amazon,-1.940355,30.059803,OK,91,896.4,Yes,Flying,0
2/1/2018 22:45,A020,Owl,Amazon,-1.946797,30.045912,OK,93,897.3,No,Stationary,0
2/1/2018 23:15,A020,Owl,Amazon,-1.952393,30.021533,OK,58,898.2,No,Stationary,0.5
3/1/2018 0:04,A020,Owl,Sundarbans,-1.942001,30.044756,Distorted,80,899.1,Yes,Flying,0
3/1/2018 0:34,A020,Owl,Nyungwe,-1.943855,30.047585,OK,46,900,No,Stationary,0
3/1/2018 7:05,A020,Owl,Yellowstone,-1.946356,30.047451,OK,101,900.9,No,Stationary,6.516666667
3/1/2018 9:05,A020,Owl,Amazon,-1.959833,30.061349,OK,71,901.8,Yes,Flying,0
3/1/2018 14:08,A020,Owl,Daintree,-1.928928,30.066248,OK,49,902.7,Yes,Flying,5.05
4/1/2018 17:33,A020,Owl,Amazon,-1.934382,30.047509,OK,74,903.6,Yes,Flying,32.46666667
4/1/2018 20:27,A020,Owl,Sundarbans,-1.959097,30.049335,OK,92,904.5,No,Stationary,0
5/1/2018 7:02,A020,Owl,Amazon,-1.972613,30.054453,OK,119,905.4,Yes,Flying,0
5/1/2018 7:27,A020,Owl,Amazon,-1.945133,30.049263,OK,87,906.3,Yes,Flying,0.416666667
5/1/2018 8:12,A020,Owl,Daintree,-1.940247,30.046173,OK,115,907.2,No,Stationary,0
5/1/2018 18:14,A020,Owl,Yellowstone,-1.953378,30.038973,OK,79,908.1,Yes,Flying,0
5/1/2018 22:49,A020,Owl,Congo Basin,-1.941844,30.055257,OK,111,909,Yes,Flying,4.583333333
6/1/2018 2:11,A020,Owl,Yellowstone,-1.945266,30.045928,OK,76,909.9,Yes,Flying,7.95
6/1/2018 3:26,A020,Owl,Amazon,-1.959605,30.057546,OK,66,910.8,Yes,Flying,9.2
6/1/2018 4:56,A020,Owl,Nyungwe,-1.951633,30.035055,OK,65,911.7,No,Stationary,0
6/1/2018 11:17,A020,Owl,Congo Basin,-1.944837,30.051421,OK,117,912.6,Yes,Flying,0
6/1/2018 13:06,A020,Owl,Congo Basin,-1.961811,30.043921,OK,48,913.5,No,Stationary,0
6/1/2018 15:13,A020,Owl,Nyungwe,-1.956766,30.049178,OK,77,914.4,No,Stationary,2.116666667
6/1/2018 19:06,A020,Owl,Sundarbans,-1.965149,30.062014,OK,51,915.3,No,Stationary,6
7/1/2018 16:45,A020,Owl,Sundarbans,-1.940187,30.050565,Distorted,40,916.2,Yes,Flying,0
7/1/2018 20:09,A020,Owl,Sundarbans,-1.944505,30.057615,OK,105,917.1,Yes,Flying,3.4
8/1/2018 1:54,A020,Owl,Congo Basin,-1.94748,30.063549,OK,51,918,Yes,Flying,9.15
8/1/2018 5:10,A020,Owl,Sundarbans,-1.929563,30.039777,OK,101,918.9,Yes,Flying,12.41666667
8/1/2018 7:25,A020,Owl,Daintree,-1.961291,30.068442,OK,116,919.8,No,Stationary,0
8/1/2018 8:30,A020,Owl,Nyungwe,-1.942094,30.071136,OK,118,920.7,No,Stationary,1.083333333
8/1/2018 11:14,A020,Owl,Nyungwe,-1.943077,30.056137,OK,96,921.6,No,Stationary,3.816666667
8/1/2018 15:15,A020,Owl,Nyungwe,-1.959873,30.047379,OK,64,922.5,Yes,Flying,0
8/1/2018 16:45,A020,Owl,Nyungwe,-1.950591,30.055447,OK,118,923.4,No,Stationary,0
8/1/2018 17:09,A020,Owl,Sundarbans,-1.956519,30.055409,OK,44,924.3,Yes,Flying,0
9/1/2018 5:11,A020,Owl,Daintree,-1.938075,30.065458,OK,56,925.2,No,Stationary,0
9/1/2018 8:41,A020,Owl,Amazon,-1.935321,30.058884,OK,95,926.1,No,Stationary,3.5
9/1/2018 11:50,A020,Owl,Nyungwe,-1.94876,30.050373,OK,66,927,Yes,Flying,0
9/1/2018 12:05,A020,Owl,Amazon,-1.944967,30.065425,OK,69,927.9,No,Stationary,0
9/1/2018 19:06,A020,Owl,Yellowstone,-1.94458,30.056532,OK,68,928.8,No,Stationary,7.016666667
9/1/2018 19:21,A020,Owl,Daintree,-1.954553,30.060255,OK,95,929.7,Yes,Flying,0
10/1/2018 8:29,A020,Owl,Congo Basin,-1.960278,30.039833,OK,103,930.6,No,Stationary,0
10/1/2018 10:14,A020,Owl,Nyungwe,-1.936165,30.034788,OK,67,931.5,No,Stationary,1.75
10/1/2018 11:29,A020,Owl,Daintree,-1.950889,30.047443,OK,117,932.4,No,Stationary,3
10/1/2018 15:53,A020,Owl,Nyungwe,-1.945522,30.039526,OK,109,933.3,No,Stationary,7.4
11/1/2018 5:43,A020,Owl,Amazon,-1.951317,30.030323,OK,95,934.2,Yes,Flying,0
11/1/2018 8:14,A020,Owl,Amazon,-1.947618,30.041672,OK,105,935.1,No,Stationary,0